filename,notes,authors,licenses,urls
arms/armour/plate/male/hurt.png,"original by wulax, recolors by bigbeargames; adapted to v3 bases and further recolors by bluecarrot16, climb/emote/jump by JaidynReiman ","Michael Whitlock (bigbeargames),Matthew Krohn (makrohn),Johannes Sjölund (wulax),bluecarrot16,JaidynReiman ","OGA-BY 3.0,CC-BY-SA 3.0,GPL 3.0 ","https://opengameart.org/content/lpc-medieval-fantasy-character-sprites,http://opengameart.org/content/lpc-clothing-updates "
arms/armour/plate/male/idle.png,"original by wulax, recolors by bigbeargames; adapted to v3 bases and further recolors by bluecarrot16, climb/emote/jump by JaidynReiman ","Michael Whitlock (bigbeargames),Matthew Krohn (makrohn),Johannes Sjölund (wulax),bluecarrot16,JaidynReiman ","OGA-BY 3.0,CC-BY-SA 3.0,GPL 3.0 ","https://opengameart.org/content/lpc-medieval-fantasy-character-sprites,http://opengameart.org/content/lpc-clothing-updates "
arms/armour/plate/male/shoot.png,"original by wulax, recolors by bigbeargames; adapted to v3 bases and further recolors by bluecarrot16, climb/emote/jump by JaidynReiman ","Michael Whitlock (bigbeargames),Matthew Krohn (makrohn),Johannes Sjölund (wulax),bluecarrot16,JaidynReiman ","OGA-BY 3.0,CC-BY-SA 3.0,GPL 3.0 ","https://opengameart.org/content/lpc-medieval-fantasy-character-sprites,http://opengameart.org/content/lpc-clothing-updates "
arms/armour/plate/male/slash.png,"original by wulax, recolors by bigbeargames; adapted to v3 bases and further recolors by bluecarrot16, climb/emote/jump by JaidynReiman ","Michael Whitlock (bigbeargames),Matthew Krohn (makrohn),Johannes Sjölund (wulax),bluecarrot16,JaidynReiman ","OGA-BY 3.0,CC-BY-SA 3.0,GPL 3.0 ","https://opengameart.org/content/lpc-medieval-fantasy-character-sprites,http://opengameart.org/content/lpc-clothing-updates "
arms/armour/plate/male/spellcast.png,"original by wulax, recolors by bigbeargames; adapted to v3 bases and further recolors by bluecarrot16, climb/emote/jump by JaidynReiman ","Michael Whitlock (bigbeargames),Matthew Krohn (makrohn),Johannes Sjölund (wulax),bluecarrot16,JaidynReiman ","OGA-BY 3.0,CC-BY-SA 3.0,GPL 3.0 ","https://opengameart.org/content/lpc-medieval-fantasy-character-sprites,http://opengameart.org/content/lpc-clothing-updates "
arms/armour/plate/male/thrust.png,"original by wulax, recolors by bigbeargames; adapted to v3 bases and further recolors by bluecarrot16, climb/emote/jump by JaidynReiman ","Michael Whitlock (bigbeargames),Matthew Krohn (makrohn),Johannes Sjölund (wulax),bluecarrot16,JaidynReiman ","OGA-BY 3.0,CC-BY-SA 3.0,GPL 3.0 ","https://opengameart.org/content/lpc-medieval-fantasy-character-sprites,http://opengameart.org/content/lpc-clothing-updates "
arms/armour/plate/male/walk.png,"original by wulax, recolors by bigbeargames; adapted to v3 bases and further recolors by bluecarrot16, climb/emote/jump by JaidynReiman ","Michael Whitlock (bigbeargames),Matthew Krohn (makrohn),Johannes Sjölund (wulax),bluecarrot16,JaidynReiman ","OGA-BY 3.0,CC-BY-SA 3.0,GPL 3.0 ","https://opengameart.org/content/lpc-medieval-fantasy-character-sprites,http://opengameart.org/content/lpc-clothing-updates "
arms/bracers/thin/hurt.png,"original by wulax, adjustments by Makrohn, climb/emote/jump/sit/run by JaidynReiman ","Matthew Krohn (makrohn),Johannes Sjölund (wulax),JaidynReiman ","OGA-BY 3.0,CC-BY-SA 3.0,GPL 3.0 ",https://opengameart.org/content/lpc-medieval-fantasy-character-sprites 
arms/bracers/thin/idle.png,"original by wulax, adjustments by Makrohn, climb/emote/jump/sit/run by JaidynReiman ","Matthew Krohn (makrohn),Johannes Sjölund (wulax),JaidynReiman ","OGA-BY 3.0,CC-BY-SA 3.0,GPL 3.0 ",https://opengameart.org/content/lpc-medieval-fantasy-character-sprites 
arms/bracers/thin/shoot.png,"original by wulax, adjustments by Makrohn, climb/emote/jump/sit/run by JaidynReiman ","Matthew Krohn (makrohn),Johannes Sjölund (wulax),JaidynReiman ","OGA-BY 3.0,CC-BY-SA 3.0,GPL 3.0 ",https://opengameart.org/content/lpc-medieval-fantasy-character-sprites 
arms/bracers/thin/slash.png,"original by wulax, adjustments by Makrohn, climb/emote/jump/sit/run by JaidynReiman ","Matthew Krohn (makrohn),Johannes Sjölund (wulax),JaidynReiman ","OGA-BY 3.0,CC-BY-SA 3.0,GPL 3.0 ",https://opengameart.org/content/lpc-medieval-fantasy-character-sprites 
arms/bracers/thin/spellcast.png,"original by wulax, adjustments by Makrohn, climb/emote/jump/sit/run by JaidynReiman ","Matthew Krohn (makrohn),Johannes Sjölund (wulax),JaidynReiman ","OGA-BY 3.0,CC-BY-SA 3.0,GPL 3.0 ",https://opengameart.org/content/lpc-medieval-fantasy-character-sprites 
arms/bracers/thin/thrust.png,"original by wulax, adjustments by Makrohn, climb/emote/jump/sit/run by JaidynReiman ","Matthew Krohn (makrohn),Johannes Sjölund (wulax),JaidynReiman ","OGA-BY 3.0,CC-BY-SA 3.0,GPL 3.0 ",https://opengameart.org/content/lpc-medieval-fantasy-character-sprites 
arms/bracers/thin/walk.png,"original by wulax, adjustments by Makrohn, climb/emote/jump/sit/run by JaidynReiman ","Matthew Krohn (makrohn),Johannes Sjölund (wulax),JaidynReiman ","OGA-BY 3.0,CC-BY-SA 3.0,GPL 3.0 ",https://opengameart.org/content/lpc-medieval-fantasy-character-sprites 
beards/mustache/basic/hurt.png,"Original by Nemisys, repositioning by JaidynReiman. ","JaidynReiman,Carlo Enrico Victoria (Nemisys) ","CC-BY-SA 3.0,GPL 3.0 ",https://opengameart.org/content/lpc-brunet-mustache 
beards/mustache/basic/idle.png,"Original by Nemisys, repositioning by JaidynReiman. ","JaidynReiman,Carlo Enrico Victoria (Nemisys) ","CC-BY-SA 3.0,GPL 3.0 ",https://opengameart.org/content/lpc-brunet-mustache 
beards/mustache/basic/shoot.png,"Original by Nemisys, repositioning by JaidynReiman. ","JaidynReiman,Carlo Enrico Victoria (Nemisys) ","CC-BY-SA 3.0,GPL 3.0 ",https://opengameart.org/content/lpc-brunet-mustache 
beards/mustache/basic/slash.png,"Original by Nemisys, repositioning by JaidynReiman. ","JaidynReiman,Carlo Enrico Victoria (Nemisys) ","CC-BY-SA 3.0,GPL 3.0 ",https://opengameart.org/content/lpc-brunet-mustache 
beards/mustache/basic/spellcast.png,"Original by Nemisys, repositioning by JaidynReiman. ","JaidynReiman,Carlo Enrico Victoria (Nemisys) ","CC-BY-SA 3.0,GPL 3.0 ",https://opengameart.org/content/lpc-brunet-mustache 
beards/mustache/basic/thrust.png,"Original by Nemisys, repositioning by JaidynReiman. ","JaidynReiman,Carlo Enrico Victoria (Nemisys) ","CC-BY-SA 3.0,GPL 3.0 ",https://opengameart.org/content/lpc-brunet-mustache 
beards/mustache/basic/walk.png,"Original by Nemisys, repositioning by JaidynReiman. ","JaidynReiman,Carlo Enrico Victoria (Nemisys) ","CC-BY-SA 3.0,GPL 3.0 ",https://opengameart.org/content/lpc-brunet-mustache 
beards/mustache/bigstache/hurt.png,"Original by Pennomi, repositioning by JaidynReiman. ","JaidynReiman,Thane Brimhall (pennomi),laetissima ","CC-BY-SA 3.0,GPL 3.0 ",https://opengameart.org/content/lpc-base-character-expressions 
beards/mustache/bigstache/idle.png,"Original by Pennomi, repositioning by JaidynReiman. ","JaidynReiman,Thane Brimhall (pennomi),laetissima ","CC-BY-SA 3.0,GPL 3.0 ",https://opengameart.org/content/lpc-base-character-expressions 
beards/mustache/bigstache/shoot.png,"Original by Pennomi, repositioning by JaidynReiman. ","JaidynReiman,Thane Brimhall (pennomi),laetissima ","CC-BY-SA 3.0,GPL 3.0 ",https://opengameart.org/content/lpc-base-character-expressions 
beards/mustache/bigstache/slash.png,"Original by Pennomi, repositioning by JaidynReiman. ","JaidynReiman,Thane Brimhall (pennomi),laetissima ","CC-BY-SA 3.0,GPL 3.0 ",https://opengameart.org/content/lpc-base-character-expressions 
beards/mustache/bigstache/spellcast.png,"Original by Pennomi, repositioning by JaidynReiman. ","JaidynReiman,Thane Brimhall (pennomi),laetissima ","CC-BY-SA 3.0,GPL 3.0 ",https://opengameart.org/content/lpc-base-character-expressions 
beards/mustache/bigstache/thrust.png,"Original by Pennomi, repositioning by JaidynReiman. ","JaidynReiman,Thane Brimhall (pennomi),laetissima ","CC-BY-SA 3.0,GPL 3.0 ",https://opengameart.org/content/lpc-base-character-expressions 
beards/mustache/bigstache/walk.png,"Original by Pennomi, repositioning by JaidynReiman. ","JaidynReiman,Thane Brimhall (pennomi),laetissima ","CC-BY-SA 3.0,GPL 3.0 ",https://opengameart.org/content/lpc-base-character-expressions 
body/bodies/female/hurt.png,see details at https://opengameart.org/content/lpc-character-bases ,"Benjamin K. Smith (BenCreating),bluecarrot16,TheraHedwig,Evert,MuffinElZangano,Durrani,Pierre Vigier (pvigier),ElizaWy,Matthew Krohn (makrohn),Johannes Sjölund (wulax),Stephen Challener (Redshrike) ","OGA-BY 3.0,CC-BY-SA 3.0,GPL 3.0 ","https://opengameart.org/content/liberated-pixel-cup-lpc-base-assets-sprites-map-tiles,https://opengameart.org/content/lpc-medieval-fantasy-character-sprites,https://opengameart.org/content/lpc-ladies,https://opengameart.org/content/lpc-7-womens-shirts,https://opengameart.org/content/lpc-jump-expanded,https://opengameart.org/content/lpc-be-seated,https://opengameart.org/content/lpc-revised-character-basics,https://gitlab.com/vagabondgame/lpc-characters,https://opengameart.org/content/lpc-male-jumping-animation-by-durrani,https://opengameart.org/content/lpc-runcycle-and-diagonal-walkcycle "
body/bodies/female/idle.png,see details at https://opengameart.org/content/lpc-character-bases ,"Benjamin K. Smith (BenCreating),bluecarrot16,TheraHedwig,Evert,MuffinElZangano,Durrani,Pierre Vigier (pvigier),ElizaWy,Matthew Krohn (makrohn),Johannes Sjölund (wulax),Stephen Challener (Redshrike) ","OGA-BY 3.0,CC-BY-SA 3.0,GPL 3.0 ","https://opengameart.org/content/liberated-pixel-cup-lpc-base-assets-sprites-map-tiles,https://opengameart.org/content/lpc-medieval-fantasy-character-sprites,https://opengameart.org/content/lpc-ladies,https://opengameart.org/content/lpc-7-womens-shirts,https://opengameart.org/content/lpc-jump-expanded,https://opengameart.org/content/lpc-be-seated,https://opengameart.org/content/lpc-revised-character-basics,https://gitlab.com/vagabondgame/lpc-characters,https://opengameart.org/content/lpc-male-jumping-animation-by-durrani,https://opengameart.org/content/lpc-runcycle-and-diagonal-walkcycle "
body/bodies/female/shoot.png,see details at https://opengameart.org/content/lpc-character-bases ,"Benjamin K. Smith (BenCreating),bluecarrot16,TheraHedwig,Evert,MuffinElZangano,Durrani,Pierre Vigier (pvigier),ElizaWy,Matthew Krohn (makrohn),Johannes Sjölund (wulax),Stephen Challener (Redshrike) ","OGA-BY 3.0,CC-BY-SA 3.0,GPL 3.0 ","https://opengameart.org/content/liberated-pixel-cup-lpc-base-assets-sprites-map-tiles,https://opengameart.org/content/lpc-medieval-fantasy-character-sprites,https://opengameart.org/content/lpc-ladies,https://opengameart.org/content/lpc-7-womens-shirts,https://opengameart.org/content/lpc-jump-expanded,https://opengameart.org/content/lpc-be-seated,https://opengameart.org/content/lpc-revised-character-basics,https://gitlab.com/vagabondgame/lpc-characters,https://opengameart.org/content/lpc-male-jumping-animation-by-durrani,https://opengameart.org/content/lpc-runcycle-and-diagonal-walkcycle "
body/bodies/female/slash.png,see details at https://opengameart.org/content/lpc-character-bases ,"Benjamin K. Smith (BenCreating),bluecarrot16,TheraHedwig,Evert,MuffinElZangano,Durrani,Pierre Vigier (pvigier),ElizaWy,Matthew Krohn (makrohn),Johannes Sjölund (wulax),Stephen Challener (Redshrike) ","OGA-BY 3.0,CC-BY-SA 3.0,GPL 3.0 ","https://opengameart.org/content/liberated-pixel-cup-lpc-base-assets-sprites-map-tiles,https://opengameart.org/content/lpc-medieval-fantasy-character-sprites,https://opengameart.org/content/lpc-ladies,https://opengameart.org/content/lpc-7-womens-shirts,https://opengameart.org/content/lpc-jump-expanded,https://opengameart.org/content/lpc-be-seated,https://opengameart.org/content/lpc-revised-character-basics,https://gitlab.com/vagabondgame/lpc-characters,https://opengameart.org/content/lpc-male-jumping-animation-by-durrani,https://opengameart.org/content/lpc-runcycle-and-diagonal-walkcycle "
body/bodies/female/spellcast.png,see details at https://opengameart.org/content/lpc-character-bases ,"Benjamin K. Smith (BenCreating),bluecarrot16,TheraHedwig,Evert,MuffinElZangano,Durrani,Pierre Vigier (pvigier),ElizaWy,Matthew Krohn (makrohn),Johannes Sjölund (wulax),Stephen Challener (Redshrike) ","OGA-BY 3.0,CC-BY-SA 3.0,GPL 3.0 ","https://opengameart.org/content/liberated-pixel-cup-lpc-base-assets-sprites-map-tiles,https://opengameart.org/content/lpc-medieval-fantasy-character-sprites,https://opengameart.org/content/lpc-ladies,https://opengameart.org/content/lpc-7-womens-shirts,https://opengameart.org/content/lpc-jump-expanded,https://opengameart.org/content/lpc-be-seated,https://opengameart.org/content/lpc-revised-character-basics,https://gitlab.com/vagabondgame/lpc-characters,https://opengameart.org/content/lpc-male-jumping-animation-by-durrani,https://opengameart.org/content/lpc-runcycle-and-diagonal-walkcycle "
body/bodies/female/thrust.png,see details at https://opengameart.org/content/lpc-character-bases ,"Benjamin K. Smith (BenCreating),bluecarrot16,TheraHedwig,Evert,MuffinElZangano,Durrani,Pierre Vigier (pvigier),ElizaWy,Matthew Krohn (makrohn),Johannes Sjölund (wulax),Stephen Challener (Redshrike) ","OGA-BY 3.0,CC-BY-SA 3.0,GPL 3.0 ","https://opengameart.org/content/liberated-pixel-cup-lpc-base-assets-sprites-map-tiles,https://opengameart.org/content/lpc-medieval-fantasy-character-sprites,https://opengameart.org/content/lpc-ladies,https://opengameart.org/content/lpc-7-womens-shirts,https://opengameart.org/content/lpc-jump-expanded,https://opengameart.org/content/lpc-be-seated,https://opengameart.org/content/lpc-revised-character-basics,https://gitlab.com/vagabondgame/lpc-characters,https://opengameart.org/content/lpc-male-jumping-animation-by-durrani,https://opengameart.org/content/lpc-runcycle-and-diagonal-walkcycle "
body/bodies/female/walk.png,see details at https://opengameart.org/content/lpc-character-bases ,"Benjamin K. Smith (BenCreating),bluecarrot16,TheraHedwig,Evert,MuffinElZangano,Durrani,Pierre Vigier (pvigier),ElizaWy,Matthew Krohn (makrohn),Johannes Sjölund (wulax),Stephen Challener (Redshrike) ","OGA-BY 3.0,CC-BY-SA 3.0,GPL 3.0 ","https://opengameart.org/content/liberated-pixel-cup-lpc-base-assets-sprites-map-tiles,https://opengameart.org/content/lpc-medieval-fantasy-character-sprites,https://opengameart.org/content/lpc-ladies,https://opengameart.org/content/lpc-7-womens-shirts,https://opengameart.org/content/lpc-jump-expanded,https://opengameart.org/content/lpc-be-seated,https://opengameart.org/content/lpc-revised-character-basics,https://gitlab.com/vagabondgame/lpc-characters,https://opengameart.org/content/lpc-male-jumping-animation-by-durrani,https://opengameart.org/content/lpc-runcycle-and-diagonal-walkcycle "
body/bodies/male/hurt.png,see details at https://opengameart.org/content/lpc-character-bases; 'Thick' Male Revised Run/Climb by JaidynReiman (based on ElizaWy's LPC Revised) ,"bluecarrot16,JaidynReiman,Benjamin K. Smith (BenCreating),Evert,Eliza Wyatt (ElizaWy),TheraHedwig,MuffinElZangano,Durrani,Johannes Sjölund (wulax),Stephen Challener (Redshrike) ","OGA-BY 3.0,CC-BY-SA 3.0,GPL 3.0 ","https://opengameart.org/content/liberated-pixel-cup-lpc-base-assets-sprites-map-tiles,https://opengameart.org/content/lpc-medieval-fantasy-character-sprites,https://opengameart.org/content/lpc-male-jumping-animation-by-durrani,https://opengameart.org/content/lpc-runcycle-and-diagonal-walkcycle,https://opengameart.org/content/lpc-revised-character-basics,https://opengameart.org/content/lpc-be-seated,https://opengameart.org/content/lpc-runcycle-for-male-muscular-and-pregnant-character-bases-with-modular-heads,https://opengameart.org/content/lpc-jump-expanded,https://opengameart.org/content/lpc-character-bases "
body/bodies/male/idle.png,see details at https://opengameart.org/content/lpc-character-bases; 'Thick' Male Revised Run/Climb by JaidynReiman (based on ElizaWy's LPC Revised) ,"bluecarrot16,JaidynReiman,Benjamin K. Smith (BenCreating),Evert,Eliza Wyatt (ElizaWy),TheraHedwig,MuffinElZangano,Durrani,Johannes Sjölund (wulax),Stephen Challener (Redshrike) ","OGA-BY 3.0,CC-BY-SA 3.0,GPL 3.0 ","https://opengameart.org/content/liberated-pixel-cup-lpc-base-assets-sprites-map-tiles,https://opengameart.org/content/lpc-medieval-fantasy-character-sprites,https://opengameart.org/content/lpc-male-jumping-animation-by-durrani,https://opengameart.org/content/lpc-runcycle-and-diagonal-walkcycle,https://opengameart.org/content/lpc-revised-character-basics,https://opengameart.org/content/lpc-be-seated,https://opengameart.org/content/lpc-runcycle-for-male-muscular-and-pregnant-character-bases-with-modular-heads,https://opengameart.org/content/lpc-jump-expanded,https://opengameart.org/content/lpc-character-bases "
body/bodies/male/shoot.png,see details at https://opengameart.org/content/lpc-character-bases; 'Thick' Male Revised Run/Climb by JaidynReiman (based on ElizaWy's LPC Revised) ,"bluecarrot16,JaidynReiman,Benjamin K. Smith (BenCreating),Evert,Eliza Wyatt (ElizaWy),TheraHedwig,MuffinElZangano,Durrani,Johannes Sjölund (wulax),Stephen Challener (Redshrike) ","OGA-BY 3.0,CC-BY-SA 3.0,GPL 3.0 ","https://opengameart.org/content/liberated-pixel-cup-lpc-base-assets-sprites-map-tiles,https://opengameart.org/content/lpc-medieval-fantasy-character-sprites,https://opengameart.org/content/lpc-male-jumping-animation-by-durrani,https://opengameart.org/content/lpc-runcycle-and-diagonal-walkcycle,https://opengameart.org/content/lpc-revised-character-basics,https://opengameart.org/content/lpc-be-seated,https://opengameart.org/content/lpc-runcycle-for-male-muscular-and-pregnant-character-bases-with-modular-heads,https://opengameart.org/content/lpc-jump-expanded,https://opengameart.org/content/lpc-character-bases "
body/bodies/male/slash.png,see details at https://opengameart.org/content/lpc-character-bases; 'Thick' Male Revised Run/Climb by JaidynReiman (based on ElizaWy's LPC Revised) ,"bluecarrot16,JaidynReiman,Benjamin K. Smith (BenCreating),Evert,Eliza Wyatt (ElizaWy),TheraHedwig,MuffinElZangano,Durrani,Johannes Sjölund (wulax),Stephen Challener (Redshrike) ","OGA-BY 3.0,CC-BY-SA 3.0,GPL 3.0 ","https://opengameart.org/content/liberated-pixel-cup-lpc-base-assets-sprites-map-tiles,https://opengameart.org/content/lpc-medieval-fantasy-character-sprites,https://opengameart.org/content/lpc-male-jumping-animation-by-durrani,https://opengameart.org/content/lpc-runcycle-and-diagonal-walkcycle,https://opengameart.org/content/lpc-revised-character-basics,https://opengameart.org/content/lpc-be-seated,https://opengameart.org/content/lpc-runcycle-for-male-muscular-and-pregnant-character-bases-with-modular-heads,https://opengameart.org/content/lpc-jump-expanded,https://opengameart.org/content/lpc-character-bases "
body/bodies/male/spellcast.png,see details at https://opengameart.org/content/lpc-character-bases; 'Thick' Male Revised Run/Climb by JaidynReiman (based on ElizaWy's LPC Revised) ,"bluecarrot16,JaidynReiman,Benjamin K. Smith (BenCreating),Evert,Eliza Wyatt (ElizaWy),TheraHedwig,MuffinElZangano,Durrani,Johannes Sjölund (wulax),Stephen Challener (Redshrike) ","OGA-BY 3.0,CC-BY-SA 3.0,GPL 3.0 ","https://opengameart.org/content/liberated-pixel-cup-lpc-base-assets-sprites-map-tiles,https://opengameart.org/content/lpc-medieval-fantasy-character-sprites,https://opengameart.org/content/lpc-male-jumping-animation-by-durrani,https://opengameart.org/content/lpc-runcycle-and-diagonal-walkcycle,https://opengameart.org/content/lpc-revised-character-basics,https://opengameart.org/content/lpc-be-seated,https://opengameart.org/content/lpc-runcycle-for-male-muscular-and-pregnant-character-bases-with-modular-heads,https://opengameart.org/content/lpc-jump-expanded,https://opengameart.org/content/lpc-character-bases "
body/bodies/male/thrust.png,see details at https://opengameart.org/content/lpc-character-bases; 'Thick' Male Revised Run/Climb by JaidynReiman (based on ElizaWy's LPC Revised) ,"bluecarrot16,JaidynReiman,Benjamin K. Smith (BenCreating),Evert,Eliza Wyatt (ElizaWy),TheraHedwig,MuffinElZangano,Durrani,Johannes Sjölund (wulax),Stephen Challener (Redshrike) ","OGA-BY 3.0,CC-BY-SA 3.0,GPL 3.0 ","https://opengameart.org/content/liberated-pixel-cup-lpc-base-assets-sprites-map-tiles,https://opengameart.org/content/lpc-medieval-fantasy-character-sprites,https://opengameart.org/content/lpc-male-jumping-animation-by-durrani,https://opengameart.org/content/lpc-runcycle-and-diagonal-walkcycle,https://opengameart.org/content/lpc-revised-character-basics,https://opengameart.org/content/lpc-be-seated,https://opengameart.org/content/lpc-runcycle-for-male-muscular-and-pregnant-character-bases-with-modular-heads,https://opengameart.org/content/lpc-jump-expanded,https://opengameart.org/content/lpc-character-bases "
body/bodies/male/walk.png,see details at https://opengameart.org/content/lpc-character-bases; 'Thick' Male Revised Run/Climb by JaidynReiman (based on ElizaWy's LPC Revised) ,"bluecarrot16,JaidynReiman,Benjamin K. Smith (BenCreating),Evert,Eliza Wyatt (ElizaWy),TheraHedwig,MuffinElZangano,Durrani,Johannes Sjölund (wulax),Stephen Challener (Redshrike) ","OGA-BY 3.0,CC-BY-SA 3.0,GPL 3.0 ","https://opengameart.org/content/liberated-pixel-cup-lpc-base-assets-sprites-map-tiles,https://opengameart.org/content/lpc-medieval-fantasy-character-sprites,https://opengameart.org/content/lpc-male-jumping-animation-by-durrani,https://opengameart.org/content/lpc-runcycle-and-diagonal-walkcycle,https://opengameart.org/content/lpc-revised-character-basics,https://opengameart.org/content/lpc-be-seated,https://opengameart.org/content/lpc-runcycle-for-male-muscular-and-pregnant-character-bases-with-modular-heads,https://opengameart.org/content/lpc-jump-expanded,https://opengameart.org/content/lpc-character-bases "
body/bodies/skeleton/hurt.png, ,"bluecarrot16,Napsio,JaidynReiman,Johannes Sjölund (wulax),Stephen Challener (Redshrike) ","OGA-BY 3.0,CC-BY-SA 3.0,GPL 3.0 ","https://opengameart.org/content/liberated-pixel-cup-lpc-base-assets-sprites-map-tiles,https://opengameart.org/content/lpc-medieval-fantasy-character-sprites,https://opengameart.org/content/lpc-skeleton,https://opengameart.org/content/lpc-character-bases "
body/bodies/skeleton/idle.png, ,"bluecarrot16,Napsio,JaidynReiman,Johannes Sjölund (wulax),Stephen Challener (Redshrike) ","OGA-BY 3.0,CC-BY-SA 3.0,GPL 3.0 ","https://opengameart.org/content/liberated-pixel-cup-lpc-base-assets-sprites-map-tiles,https://opengameart.org/content/lpc-medieval-fantasy-character-sprites,https://opengameart.org/content/lpc-skeleton,https://opengameart.org/content/lpc-character-bases "
body/bodies/skeleton/shoot.png, ,"bluecarrot16,Napsio,JaidynReiman,Johannes Sjölund (wulax),Stephen Challener (Redshrike) ","OGA-BY 3.0,CC-BY-SA 3.0,GPL 3.0 ","https://opengameart.org/content/liberated-pixel-cup-lpc-base-assets-sprites-map-tiles,https://opengameart.org/content/lpc-medieval-fantasy-character-sprites,https://opengameart.org/content/lpc-skeleton,https://opengameart.org/content/lpc-character-bases "
body/bodies/skeleton/slash.png, ,"bluecarrot16,Napsio,JaidynReiman,Johannes Sjölund (wulax),Stephen Challener (Redshrike) ","OGA-BY 3.0,CC-BY-SA 3.0,GPL 3.0 ","https://opengameart.org/content/liberated-pixel-cup-lpc-base-assets-sprites-map-tiles,https://opengameart.org/content/lpc-medieval-fantasy-character-sprites,https://opengameart.org/content/lpc-skeleton,https://opengameart.org/content/lpc-character-bases "
body/bodies/skeleton/spellcast.png, ,"bluecarrot16,Napsio,JaidynReiman,Johannes Sjölund (wulax),Stephen Challener (Redshrike) ","OGA-BY 3.0,CC-BY-SA 3.0,GPL 3.0 ","https://opengameart.org/content/liberated-pixel-cup-lpc-base-assets-sprites-map-tiles,https://opengameart.org/content/lpc-medieval-fantasy-character-sprites,https://opengameart.org/content/lpc-skeleton,https://opengameart.org/content/lpc-character-bases "
body/bodies/skeleton/thrust.png, ,"bluecarrot16,Napsio,JaidynReiman,Johannes Sjölund (wulax),Stephen Challener (Redshrike) ","OGA-BY 3.0,CC-BY-SA 3.0,GPL 3.0 ","https://opengameart.org/content/liberated-pixel-cup-lpc-base-assets-sprites-map-tiles,https://opengameart.org/content/lpc-medieval-fantasy-character-sprites,https://opengameart.org/content/lpc-skeleton,https://opengameart.org/content/lpc-character-bases "
body/bodies/skeleton/walk.png, ,"bluecarrot16,Napsio,JaidynReiman,Johannes Sjölund (wulax),Stephen Challener (Redshrike) ","OGA-BY 3.0,CC-BY-SA 3.0,GPL 3.0 ","https://opengameart.org/content/liberated-pixel-cup-lpc-base-assets-sprites-map-tiles,https://opengameart.org/content/lpc-medieval-fantasy-character-sprites,https://opengameart.org/content/lpc-skeleton,https://opengameart.org/content/lpc-character-bases "
body/bodies/zombie/hurt.png, ,"Stephen Challener (Redshrike),Johannes Sjölund (wulax),Sander Frenken (castelonia),Benjamin K. Smith (BenCreating),bluecarrot16 ","OGA-BY 3.0,CC-BY-SA 3.0,GPL 3.0 ","https://opengameart.org/content/liberated-pixel-cup-lpc-base-assets-sprites-map-tiles,https://opengameart.org/content/lpc-medieval-fantasy-character-sprites,https://opengameart.org/content/lpc-zombie,https://opengameart.org/content/lpc-character-bases "
body/bodies/zombie/shoot.png, ,"Stephen Challener (Redshrike),Johannes Sjölund (wulax),Sander Frenken (castelonia),Benjamin K. Smith (BenCreating),bluecarrot16 ","OGA-BY 3.0,CC-BY-SA 3.0,GPL 3.0 ","https://opengameart.org/content/liberated-pixel-cup-lpc-base-assets-sprites-map-tiles,https://opengameart.org/content/lpc-medieval-fantasy-character-sprites,https://opengameart.org/content/lpc-zombie,https://opengameart.org/content/lpc-character-bases "
body/bodies/zombie/slash.png, ,"Stephen Challener (Redshrike),Johannes Sjölund (wulax),Sander Frenken (castelonia),Benjamin K. Smith (BenCreating),bluecarrot16 ","OGA-BY 3.0,CC-BY-SA 3.0,GPL 3.0 ","https://opengameart.org/content/liberated-pixel-cup-lpc-base-assets-sprites-map-tiles,https://opengameart.org/content/lpc-medieval-fantasy-character-sprites,https://opengameart.org/content/lpc-zombie,https://opengameart.org/content/lpc-character-bases "
body/bodies/zombie/spellcast.png, ,"Stephen Challener (Redshrike),Johannes Sjölund (wulax),Sander Frenken (castelonia),Benjamin K. Smith (BenCreating),bluecarrot16 ","OGA-BY 3.0,CC-BY-SA 3.0,GPL 3.0 ","https://opengameart.org/content/liberated-pixel-cup-lpc-base-assets-sprites-map-tiles,https://opengameart.org/content/lpc-medieval-fantasy-character-sprites,https://opengameart.org/content/lpc-zombie,https://opengameart.org/content/lpc-character-bases "
body/bodies/zombie/thrust.png, ,"Stephen Challener (Redshrike),Johannes Sjölund (wulax),Sander Frenken (castelonia),Benjamin K. Smith (BenCreating),bluecarrot16 ","OGA-BY 3.0,CC-BY-SA 3.0,GPL 3.0 ","https://opengameart.org/content/liberated-pixel-cup-lpc-base-assets-sprites-map-tiles,https://opengameart.org/content/lpc-medieval-fantasy-character-sprites,https://opengameart.org/content/lpc-zombie,https://opengameart.org/content/lpc-character-bases "
body/bodies/zombie/walk.png, ,"Stephen Challener (Redshrike),Johannes Sjölund (wulax),Sander Frenken (castelonia),Benjamin K. Smith (BenCreating),bluecarrot16 ","OGA-BY 3.0,CC-BY-SA 3.0,GPL 3.0 ","https://opengameart.org/content/liberated-pixel-cup-lpc-base-assets-sprites-map-tiles,https://opengameart.org/content/lpc-medieval-fantasy-character-sprites,https://opengameart.org/content/lpc-zombie,https://opengameart.org/content/lpc-character-bases "
body/tail/lizard/adult/bg/hurt.png,"edited for v3 bases and recolored by bluecarrot16, additional animations added by JaidynReiman ","Nila122,bluecarrot16,JaidynReiman ","OGA-BY 3.0,CC-BY-SA 3.0,GPL 3.0 ",https://opengameart.org/content/drakes-and-lizardfolk 
body/tail/lizard/adult/bg/idle.png,"edited for v3 bases and recolored by bluecarrot16, additional animations added by JaidynReiman ","Nila122,bluecarrot16,JaidynReiman ","OGA-BY 3.0,CC-BY-SA 3.0,GPL 3.0 ",https://opengameart.org/content/drakes-and-lizardfolk 
body/tail/lizard/adult/bg/shoot.png,"edited for v3 bases and recolored by bluecarrot16, additional animations added by JaidynReiman ","Nila122,bluecarrot16,JaidynReiman ","OGA-BY 3.0,CC-BY-SA 3.0,GPL 3.0 ",https://opengameart.org/content/drakes-and-lizardfolk 
body/tail/lizard/adult/bg/slash.png,"edited for v3 bases and recolored by bluecarrot16, additional animations added by JaidynReiman ","Nila122,bluecarrot16,JaidynReiman ","OGA-BY 3.0,CC-BY-SA 3.0,GPL 3.0 ",https://opengameart.org/content/drakes-and-lizardfolk 
body/tail/lizard/adult/bg/spellcast.png,"edited for v3 bases and recolored by bluecarrot16, additional animations added by JaidynReiman ","Nila122,bluecarrot16,JaidynReiman ","OGA-BY 3.0,CC-BY-SA 3.0,GPL 3.0 ",https://opengameart.org/content/drakes-and-lizardfolk 
body/tail/lizard/adult/bg/thrust.png,"edited for v3 bases and recolored by bluecarrot16, additional animations added by JaidynReiman ","Nila122,bluecarrot16,JaidynReiman ","OGA-BY 3.0,CC-BY-SA 3.0,GPL 3.0 ",https://opengameart.org/content/drakes-and-lizardfolk 
body/tail/lizard/adult/bg/walk.png,"edited for v3 bases and recolored by bluecarrot16, additional animations added by JaidynReiman ","Nila122,bluecarrot16,JaidynReiman ","OGA-BY 3.0,CC-BY-SA 3.0,GPL 3.0 ",https://opengameart.org/content/drakes-and-lizardfolk 
body/tail/lizard/adult/fg/hurt.png,"edited for v3 bases and recolored by bluecarrot16, additional animations added by JaidynReiman ","Nila122,bluecarrot16,JaidynReiman ","OGA-BY 3.0,CC-BY-SA 3.0,GPL 3.0 ",https://opengameart.org/content/drakes-and-lizardfolk 
body/tail/lizard/adult/fg/idle.png,"edited for v3 bases and recolored by bluecarrot16, additional animations added by JaidynReiman ","Nila122,bluecarrot16,JaidynReiman ","OGA-BY 3.0,CC-BY-SA 3.0,GPL 3.0 ",https://opengameart.org/content/drakes-and-lizardfolk 
body/tail/lizard/adult/fg/shoot.png,"edited for v3 bases and recolored by bluecarrot16, additional animations added by JaidynReiman ","Nila122,bluecarrot16,JaidynReiman ","OGA-BY 3.0,CC-BY-SA 3.0,GPL 3.0 ",https://opengameart.org/content/drakes-and-lizardfolk 
body/tail/lizard/adult/fg/slash.png,"edited for v3 bases and recolored by bluecarrot16, additional animations added by JaidynReiman ","Nila122,bluecarrot16,JaidynReiman ","OGA-BY 3.0,CC-BY-SA 3.0,GPL 3.0 ",https://opengameart.org/content/drakes-and-lizardfolk 
body/tail/lizard/adult/fg/spellcast.png,"edited for v3 bases and recolored by bluecarrot16, additional animations added by JaidynReiman ","Nila122,bluecarrot16,JaidynReiman ","OGA-BY 3.0,CC-BY-SA 3.0,GPL 3.0 ",https://opengameart.org/content/drakes-and-lizardfolk 
body/tail/lizard/adult/fg/thrust.png,"edited for v3 bases and recolored by bluecarrot16, additional animations added by JaidynReiman ","Nila122,bluecarrot16,JaidynReiman ","OGA-BY 3.0,CC-BY-SA 3.0,GPL 3.0 ",https://opengameart.org/content/drakes-and-lizardfolk 
body/tail/lizard/adult/fg/walk.png,"edited for v3 bases and recolored by bluecarrot16, additional animations added by JaidynReiman ","Nila122,bluecarrot16,JaidynReiman ","OGA-BY 3.0,CC-BY-SA 3.0,GPL 3.0 ",https://opengameart.org/content/drakes-and-lizardfolk 
cape/solid/bg/hurt.png, ,"Nila122,JaidynReiman ","OGA-BY 3.0,CC-BY-SA 3.0,GPL 3.0 ","https://opengameart.org/content/lpc-curly-hair-elven-ears-white-cape-with-blue-trim-and-more,https://opengameart.org/content/lpc-roman-armor "
cape/solid/bg/idle.png, ,"Nila122,JaidynReiman ","OGA-BY 3.0,CC-BY-SA 3.0,GPL 3.0 ","https://opengameart.org/content/lpc-curly-hair-elven-ears-white-cape-with-blue-trim-and-more,https://opengameart.org/content/lpc-roman-armor "
cape/solid/bg/shoot.png, ,"Nila122,JaidynReiman ","OGA-BY 3.0,CC-BY-SA 3.0,GPL 3.0 ","https://opengameart.org/content/lpc-curly-hair-elven-ears-white-cape-with-blue-trim-and-more,https://opengameart.org/content/lpc-roman-armor "
cape/solid/bg/slash.png, ,"Nila122,JaidynReiman ","OGA-BY 3.0,CC-BY-SA 3.0,GPL 3.0 ","https://opengameart.org/content/lpc-curly-hair-elven-ears-white-cape-with-blue-trim-and-more,https://opengameart.org/content/lpc-roman-armor "
cape/solid/bg/spellcast.png, ,"Nila122,JaidynReiman ","OGA-BY 3.0,CC-BY-SA 3.0,GPL 3.0 ","https://opengameart.org/content/lpc-curly-hair-elven-ears-white-cape-with-blue-trim-and-more,https://opengameart.org/content/lpc-roman-armor "
cape/solid/bg/thrust.png, ,"Nila122,JaidynReiman ","OGA-BY 3.0,CC-BY-SA 3.0,GPL 3.0 ","https://opengameart.org/content/lpc-curly-hair-elven-ears-white-cape-with-blue-trim-and-more,https://opengameart.org/content/lpc-roman-armor "
cape/solid/bg/walk.png, ,"Nila122,JaidynReiman ","OGA-BY 3.0,CC-BY-SA 3.0,GPL 3.0 ","https://opengameart.org/content/lpc-curly-hair-elven-ears-white-cape-with-blue-trim-and-more,https://opengameart.org/content/lpc-roman-armor "
cape/solid/fg/hurt.png, ,"bluecarrot16,JaidynReiman ","OGA-BY 3.0,CC-BY-SA 3.0,GPL 3.0 ","https://opengameart.org/content/lpc-curly-hair-elven-ears-white-cape-with-blue-trim-and-more,https://opengameart.org/content/lpc-roman-armor,http://opengameart.org/content/lpc-clothing-updates "
cape/solid/fg/idle.png, ,"bluecarrot16,JaidynReiman ","OGA-BY 3.0,CC-BY-SA 3.0,GPL 3.0 ","https://opengameart.org/content/lpc-curly-hair-elven-ears-white-cape-with-blue-trim-and-more,https://opengameart.org/content/lpc-roman-armor,http://opengameart.org/content/lpc-clothing-updates "
cape/solid/fg/shoot.png, ,"bluecarrot16,JaidynReiman ","OGA-BY 3.0,CC-BY-SA 3.0,GPL 3.0 ","https://opengameart.org/content/lpc-curly-hair-elven-ears-white-cape-with-blue-trim-and-more,https://opengameart.org/content/lpc-roman-armor,http://opengameart.org/content/lpc-clothing-updates "
cape/solid/fg/slash.png, ,"bluecarrot16,JaidynReiman ","OGA-BY 3.0,CC-BY-SA 3.0,GPL 3.0 ","https://opengameart.org/content/lpc-curly-hair-elven-ears-white-cape-with-blue-trim-and-more,https://opengameart.org/content/lpc-roman-armor,http://opengameart.org/content/lpc-clothing-updates "
cape/solid/fg/spellcast.png, ,"bluecarrot16,JaidynReiman ","OGA-BY 3.0,CC-BY-SA 3.0,GPL 3.0 ","https://opengameart.org/content/lpc-curly-hair-elven-ears-white-cape-with-blue-trim-and-more,https://opengameart.org/content/lpc-roman-armor,http://opengameart.org/content/lpc-clothing-updates "
cape/solid/fg/thrust.png, ,"bluecarrot16,JaidynReiman ","OGA-BY 3.0,CC-BY-SA 3.0,GPL 3.0 ","https://opengameart.org/content/lpc-curly-hair-elven-ears-white-cape-with-blue-trim-and-more,https://opengameart.org/content/lpc-roman-armor,http://opengameart.org/content/lpc-clothing-updates "
cape/solid/fg/walk.png, ,"bluecarrot16,JaidynReiman ","OGA-BY 3.0,CC-BY-SA 3.0,GPL 3.0 ","https://opengameart.org/content/lpc-curly-hair-elven-ears-white-cape-with-blue-trim-and-more,https://opengameart.org/content/lpc-roman-armor,http://opengameart.org/content/lpc-clothing-updates "
cape/tattered/bg/hurt.png, ,"Nila122,JaidynReiman ","OGA-BY 3.0,CC-BY-SA 3.0,GPL 3.0 ","https://opengameart.org/content/lpc-curly-hair-elven-ears-white-cape-with-blue-trim-and-more,https://opengameart.org/content/lpc-roman-armor "
cape/tattered/bg/idle.png, ,"Nila122,JaidynReiman ","OGA-BY 3.0,CC-BY-SA 3.0,GPL 3.0 ","https://opengameart.org/content/lpc-curly-hair-elven-ears-white-cape-with-blue-trim-and-more,https://opengameart.org/content/lpc-roman-armor "
cape/tattered/bg/shoot.png, ,"Nila122,JaidynReiman ","OGA-BY 3.0,CC-BY-SA 3.0,GPL 3.0 ","https://opengameart.org/content/lpc-curly-hair-elven-ears-white-cape-with-blue-trim-and-more,https://opengameart.org/content/lpc-roman-armor "
cape/tattered/bg/slash.png, ,"Nila122,JaidynReiman ","OGA-BY 3.0,CC-BY-SA 3.0,GPL 3.0 ","https://opengameart.org/content/lpc-curly-hair-elven-ears-white-cape-with-blue-trim-and-more,https://opengameart.org/content/lpc-roman-armor "
cape/tattered/bg/spellcast.png, ,"Nila122,JaidynReiman ","OGA-BY 3.0,CC-BY-SA 3.0,GPL 3.0 ","https://opengameart.org/content/lpc-curly-hair-elven-ears-white-cape-with-blue-trim-and-more,https://opengameart.org/content/lpc-roman-armor "
cape/tattered/bg/thrust.png, ,"Nila122,JaidynReiman ","OGA-BY 3.0,CC-BY-SA 3.0,GPL 3.0 ","https://opengameart.org/content/lpc-curly-hair-elven-ears-white-cape-with-blue-trim-and-more,https://opengameart.org/content/lpc-roman-armor "
cape/tattered/bg/walk.png, ,"Nila122,JaidynReiman ","OGA-BY 3.0,CC-BY-SA 3.0,GPL 3.0 ","https://opengameart.org/content/lpc-curly-hair-elven-ears-white-cape-with-blue-trim-and-more,https://opengameart.org/content/lpc-roman-armor "
cape/tattered/fg/hurt.png, ,"Nila122,JaidynReiman ","OGA-BY 3.0,CC-BY-SA 3.0,GPL 3.0 ","https://opengameart.org/content/lpc-curly-hair-elven-ears-white-cape-with-blue-trim-and-more,https://opengameart.org/content/lpc-roman-armor "
cape/tattered/fg/idle.png, ,"Nila122,JaidynReiman ","OGA-BY 3.0,CC-BY-SA 3.0,GPL 3.0 ","https://opengameart.org/content/lpc-curly-hair-elven-ears-white-cape-with-blue-trim-and-more,https://opengameart.org/content/lpc-roman-armor "
cape/tattered/fg/shoot.png, ,"Nila122,JaidynReiman ","OGA-BY 3.0,CC-BY-SA 3.0,GPL 3.0 ","https://opengameart.org/content/lpc-curly-hair-elven-ears-white-cape-with-blue-trim-and-more,https://opengameart.org/content/lpc-roman-armor "
cape/tattered/fg/slash.png, ,"Nila122,JaidynReiman ","OGA-BY 3.0,CC-BY-SA 3.0,GPL 3.0 ","https://opengameart.org/content/lpc-curly-hair-elven-ears-white-cape-with-blue-trim-and-more,https://opengameart.org/content/lpc-roman-armor "
cape/tattered/fg/spellcast.png, ,"Nila122,JaidynReiman ","OGA-BY 3.0,CC-BY-SA 3.0,GPL 3.0 ","https://opengameart.org/content/lpc-curly-hair-elven-ears-white-cape-with-blue-trim-and-more,https://opengameart.org/content/lpc-roman-armor "
cape/tattered/fg/thrust.png, ,"Nila122,JaidynReiman ","OGA-BY 3.0,CC-BY-SA 3.0,GPL 3.0 ","https://opengameart.org/content/lpc-curly-hair-elven-ears-white-cape-with-blue-trim-and-more,https://opengameart.org/content/lpc-roman-armor "
cape/tattered/fg/walk.png, ,"Nila122,JaidynReiman ","OGA-BY 3.0,CC-BY-SA 3.0,GPL 3.0 ","https://opengameart.org/content/lpc-curly-hair-elven-ears-white-cape-with-blue-trim-and-more,https://opengameart.org/content/lpc-roman-armor "
facial/masks/plain/adult/hurt.png, ,Nila122 ,"OGA-BY 3.0,CC-BY-SA 3.0,GPL 2.0,GPL 3.0 ","https://opengameart.org/content/lpc-masks,https://opengameart.org/content/lpc-expanded-hats-facial-helmets "
facial/masks/plain/adult/idle.png, ,Nila122 ,"OGA-BY 3.0,CC-BY-SA 3.0,GPL 2.0,GPL 3.0 ","https://opengameart.org/content/lpc-masks,https://opengameart.org/content/lpc-expanded-hats-facial-helmets "
facial/masks/plain/adult/shoot.png, ,Nila122 ,"OGA-BY 3.0,CC-BY-SA 3.0,GPL 2.0,GPL 3.0 ","https://opengameart.org/content/lpc-masks,https://opengameart.org/content/lpc-expanded-hats-facial-helmets "
facial/masks/plain/adult/slash.png, ,Nila122 ,"OGA-BY 3.0,CC-BY-SA 3.0,GPL 2.0,GPL 3.0 ","https://opengameart.org/content/lpc-masks,https://opengameart.org/content/lpc-expanded-hats-facial-helmets "
facial/masks/plain/adult/spellcast.png, ,Nila122 ,"OGA-BY 3.0,CC-BY-SA 3.0,GPL 2.0,GPL 3.0 ","https://opengameart.org/content/lpc-masks,https://opengameart.org/content/lpc-expanded-hats-facial-helmets "
facial/masks/plain/adult/thrust.png, ,Nila122 ,"OGA-BY 3.0,CC-BY-SA 3.0,GPL 2.0,GPL 3.0 ","https://opengameart.org/content/lpc-masks,https://opengameart.org/content/lpc-expanded-hats-facial-helmets "
facial/masks/plain/adult/walk.png, ,Nila122 ,"OGA-BY 3.0,CC-BY-SA 3.0,GPL 2.0,GPL 3.0 ","https://opengameart.org/content/lpc-masks,https://opengameart.org/content/lpc-expanded-hats-facial-helmets "
feet/armour/plate/male/hurt.png,"original by wulax, recolors by bigbeargames, edits for v3 base and recolors by bluecarrot16 ","Matthew Krohn (makrohn),Johannes Sjölund (wulax) ","OGA-BY 3.0,CC-BY-SA 3.0,GPL 3.0 ",https://opengameart.org/content/lpc-medieval-fantasy-character-sprites 
feet/armour/plate/male/idle.png,"original by wulax, recolors by bigbeargames, edits for v3 base and recolors by bluecarrot16 ","Matthew Krohn (makrohn),Johannes Sjölund (wulax) ","OGA-BY 3.0,CC-BY-SA 3.0,GPL 3.0 ",https://opengameart.org/content/lpc-medieval-fantasy-character-sprites 
feet/armour/plate/male/shoot.png,"original by wulax, recolors by bigbeargames, edits for v3 base and recolors by bluecarrot16 ","Matthew Krohn (makrohn),Johannes Sjölund (wulax) ","OGA-BY 3.0,CC-BY-SA 3.0,GPL 3.0 ",https://opengameart.org/content/lpc-medieval-fantasy-character-sprites 
feet/armour/plate/male/slash.png,"original by wulax, recolors by bigbeargames, edits for v3 base and recolors by bluecarrot16 ","Matthew Krohn (makrohn),Johannes Sjölund (wulax) ","OGA-BY 3.0,CC-BY-SA 3.0,GPL 3.0 ",https://opengameart.org/content/lpc-medieval-fantasy-character-sprites 
feet/armour/plate/male/spellcast.png,"original by wulax, recolors by bigbeargames, edits for v3 base and recolors by bluecarrot16 ","Matthew Krohn (makrohn),Johannes Sjölund (wulax) ","OGA-BY 3.0,CC-BY-SA 3.0,GPL 3.0 ",https://opengameart.org/content/lpc-medieval-fantasy-character-sprites 
feet/armour/plate/male/thrust.png,"original by wulax, recolors by bigbeargames, edits for v3 base and recolors by bluecarrot16 ","Matthew Krohn (makrohn),Johannes Sjölund (wulax) ","OGA-BY 3.0,CC-BY-SA 3.0,GPL 3.0 ",https://opengameart.org/content/lpc-medieval-fantasy-character-sprites 
feet/armour/plate/male/walk.png,"original by wulax, recolors by bigbeargames, edits for v3 base and recolors by bluecarrot16 ","Matthew Krohn (makrohn),Johannes Sjölund (wulax) ","OGA-BY 3.0,CC-BY-SA 3.0,GPL 3.0 ",https://opengameart.org/content/lpc-medieval-fantasy-character-sprites 
feet/boots/basic/male/hurt.png,"original by Nila122, edited for male and v3 bases by bluecarrot16, Jump/Sit/Emote/Run/Revised Combat by JaidynReiman ","JaidynReiman,bluecarrot16,Nila122 ","OGA-BY 3.0,CC-BY-SA 3.0,GPL 2.0,GPL 3.0 ","https://opengameart.org/content/lpc-clothes-and-hair,https://opengameart.org/content/lpc-expanded-socks-shoes "
feet/boots/basic/male/idle.png,"original by Nila122, edited for male and v3 bases by bluecarrot16, Jump/Sit/Emote/Run/Revised Combat by JaidynReiman ","JaidynReiman,bluecarrot16,Nila122 ","OGA-BY 3.0,CC-BY-SA 3.0,GPL 2.0,GPL 3.0 ","https://opengameart.org/content/lpc-clothes-and-hair,https://opengameart.org/content/lpc-expanded-socks-shoes "
feet/boots/basic/male/shoot.png,"original by Nila122, edited for male and v3 bases by bluecarrot16, Jump/Sit/Emote/Run/Revised Combat by JaidynReiman ","JaidynReiman,bluecarrot16,Nila122 ","OGA-BY 3.0,CC-BY-SA 3.0,GPL 2.0,GPL 3.0 ","https://opengameart.org/content/lpc-clothes-and-hair,https://opengameart.org/content/lpc-expanded-socks-shoes "
feet/boots/basic/male/slash.png,"original by Nila122, edited for male and v3 bases by bluecarrot16, Jump/Sit/Emote/Run/Revised Combat by JaidynReiman ","JaidynReiman,bluecarrot16,Nila122 ","OGA-BY 3.0,CC-BY-SA 3.0,GPL 2.0,GPL 3.0 ","https://opengameart.org/content/lpc-clothes-and-hair,https://opengameart.org/content/lpc-expanded-socks-shoes "
feet/boots/basic/male/spellcast.png,"original by Nila122, edited for male and v3 bases by bluecarrot16, Jump/Sit/Emote/Run/Revised Combat by JaidynReiman ","JaidynReiman,bluecarrot16,Nila122 ","OGA-BY 3.0,CC-BY-SA 3.0,GPL 2.0,GPL 3.0 ","https://opengameart.org/content/lpc-clothes-and-hair,https://opengameart.org/content/lpc-expanded-socks-shoes "
feet/boots/basic/male/thrust.png,"original by Nila122, edited for male and v3 bases by bluecarrot16, Jump/Sit/Emote/Run/Revised Combat by JaidynReiman ","JaidynReiman,bluecarrot16,Nila122 ","OGA-BY 3.0,CC-BY-SA 3.0,GPL 2.0,GPL 3.0 ","https://opengameart.org/content/lpc-clothes-and-hair,https://opengameart.org/content/lpc-expanded-socks-shoes "
feet/boots/basic/male/walk.png,"original by Nila122, edited for male and v3 bases by bluecarrot16, Jump/Sit/Emote/Run/Revised Combat by JaidynReiman ","JaidynReiman,bluecarrot16,Nila122 ","OGA-BY 3.0,CC-BY-SA 3.0,GPL 2.0,GPL 3.0 ","https://opengameart.org/content/lpc-clothes-and-hair,https://opengameart.org/content/lpc-expanded-socks-shoes "
feet/boots/basic/thin/hurt.png,"original by Nila122, edited for v3 bases by bluecarrot16, Jump/Sit/Emote/Run/Revised Combat by JaidynReiman ","JaidynReiman,bluecarrot16,Nila122 ","OGA-BY 3.0,CC-BY-SA 3.0,GPL 2.0,GPL 3.0 ","https://opengameart.org/content/lpc-clothes-and-hair,https://opengameart.org/content/lpc-expanded-socks-shoes "
feet/boots/basic/thin/idle.png,"original by Nila122, edited for v3 bases by bluecarrot16, Jump/Sit/Emote/Run/Revised Combat by JaidynReiman ","JaidynReiman,bluecarrot16,Nila122 ","OGA-BY 3.0,CC-BY-SA 3.0,GPL 2.0,GPL 3.0 ","https://opengameart.org/content/lpc-clothes-and-hair,https://opengameart.org/content/lpc-expanded-socks-shoes "
feet/boots/basic/thin/shoot.png,"original by Nila122, edited for v3 bases by bluecarrot16, Jump/Sit/Emote/Run/Revised Combat by JaidynReiman ","JaidynReiman,bluecarrot16,Nila122 ","OGA-BY 3.0,CC-BY-SA 3.0,GPL 2.0,GPL 3.0 ","https://opengameart.org/content/lpc-clothes-and-hair,https://opengameart.org/content/lpc-expanded-socks-shoes "
feet/boots/basic/thin/slash.png,"original by Nila122, edited for v3 bases by bluecarrot16, Jump/Sit/Emote/Run/Revised Combat by JaidynReiman ","JaidynReiman,bluecarrot16,Nila122 ","OGA-BY 3.0,CC-BY-SA 3.0,GPL 2.0,GPL 3.0 ","https://opengameart.org/content/lpc-clothes-and-hair,https://opengameart.org/content/lpc-expanded-socks-shoes "
feet/boots/basic/thin/spellcast.png,"original by Nila122, edited for v3 bases by bluecarrot16, Jump/Sit/Emote/Run/Revised Combat by JaidynReiman ","JaidynReiman,bluecarrot16,Nila122 ","OGA-BY 3.0,CC-BY-SA 3.0,GPL 2.0,GPL 3.0 ","https://opengameart.org/content/lpc-clothes-and-hair,https://opengameart.org/content/lpc-expanded-socks-shoes "
feet/boots/basic/thin/thrust.png,"original by Nila122, edited for v3 bases by bluecarrot16, Jump/Sit/Emote/Run/Revised Combat by JaidynReiman ","JaidynReiman,bluecarrot16,Nila122 ","OGA-BY 3.0,CC-BY-SA 3.0,GPL 2.0,GPL 3.0 ","https://opengameart.org/content/lpc-clothes-and-hair,https://opengameart.org/content/lpc-expanded-socks-shoes "
feet/boots/basic/thin/walk.png,"original by Nila122, edited for v3 bases by bluecarrot16, Jump/Sit/Emote/Run/Revised Combat by JaidynReiman ","JaidynReiman,bluecarrot16,Nila122 ","OGA-BY 3.0,CC-BY-SA 3.0,GPL 2.0,GPL 3.0 ","https://opengameart.org/content/lpc-clothes-and-hair,https://opengameart.org/content/lpc-expanded-socks-shoes "
feet/boots/rimmed/thin/hurt.png, ,JaidynReiman ,"OGA-BY 3.0+,CC-BY 3.0+,GPL 3.0 ","https://opengameart.org/content/lpc-kimono-relm,https://opengameart.org/content/lpc-expanded-socks-shoes "
feet/boots/rimmed/thin/idle.png, ,JaidynReiman ,"OGA-BY 3.0+,CC-BY 3.0+,GPL 3.0 ","https://opengameart.org/content/lpc-kimono-relm,https://opengameart.org/content/lpc-expanded-socks-shoes "
feet/boots/rimmed/thin/shoot.png, ,JaidynReiman ,"OGA-BY 3.0+,CC-BY 3.0+,GPL 3.0 ","https://opengameart.org/content/lpc-kimono-relm,https://opengameart.org/content/lpc-expanded-socks-shoes "
feet/boots/rimmed/thin/slash.png, ,JaidynReiman ,"OGA-BY 3.0+,CC-BY 3.0+,GPL 3.0 ","https://opengameart.org/content/lpc-kimono-relm,https://opengameart.org/content/lpc-expanded-socks-shoes "
feet/boots/rimmed/thin/spellcast.png, ,JaidynReiman ,"OGA-BY 3.0+,CC-BY 3.0+,GPL 3.0 ","https://opengameart.org/content/lpc-kimono-relm,https://opengameart.org/content/lpc-expanded-socks-shoes "
feet/boots/rimmed/thin/thrust.png, ,JaidynReiman ,"OGA-BY 3.0+,CC-BY 3.0+,GPL 3.0 ","https://opengameart.org/content/lpc-kimono-relm,https://opengameart.org/content/lpc-expanded-socks-shoes "
feet/boots/rimmed/thin/walk.png, ,JaidynReiman ,"OGA-BY 3.0+,CC-BY 3.0+,GPL 3.0 ","https://opengameart.org/content/lpc-kimono-relm,https://opengameart.org/content/lpc-expanded-socks-shoes "
feet/shoes/basic/male/hurt.png,"original by wulax, edited for v3 base by bluecarrot16, Jump/Sit/Emote/Run/Revised Combat by JaidynReiman ","JaidynReiman,bluecarrot16,Johannes Sjölund (wulax) ","OGA-BY 3.0,CC-BY-SA 3.0,GPL 3.0 ","https://opengameart.org/content/lpc-medieval-fantasy-character-sprites,http://opengameart.org/content/lpc-clothing-updates,https://opengameart.org/content/lpc-expanded-socks-shoes "
feet/shoes/basic/male/idle.png,"original by wulax, edited for v3 base by bluecarrot16, Jump/Sit/Emote/Run/Revised Combat by JaidynReiman ","JaidynReiman,bluecarrot16,Johannes Sjölund (wulax) ","OGA-BY 3.0,CC-BY-SA 3.0,GPL 3.0 ","https://opengameart.org/content/lpc-medieval-fantasy-character-sprites,http://opengameart.org/content/lpc-clothing-updates,https://opengameart.org/content/lpc-expanded-socks-shoes "
feet/shoes/basic/male/shoot.png,"original by wulax, edited for v3 base by bluecarrot16, Jump/Sit/Emote/Run/Revised Combat by JaidynReiman ","JaidynReiman,bluecarrot16,Johannes Sjölund (wulax) ","OGA-BY 3.0,CC-BY-SA 3.0,GPL 3.0 ","https://opengameart.org/content/lpc-medieval-fantasy-character-sprites,http://opengameart.org/content/lpc-clothing-updates,https://opengameart.org/content/lpc-expanded-socks-shoes "
feet/shoes/basic/male/slash.png,"original by wulax, edited for v3 base by bluecarrot16, Jump/Sit/Emote/Run/Revised Combat by JaidynReiman ","JaidynReiman,bluecarrot16,Johannes Sjölund (wulax) ","OGA-BY 3.0,CC-BY-SA 3.0,GPL 3.0 ","https://opengameart.org/content/lpc-medieval-fantasy-character-sprites,http://opengameart.org/content/lpc-clothing-updates,https://opengameart.org/content/lpc-expanded-socks-shoes "
feet/shoes/basic/male/spellcast.png,"original by wulax, edited for v3 base by bluecarrot16, Jump/Sit/Emote/Run/Revised Combat by JaidynReiman ","JaidynReiman,bluecarrot16,Johannes Sjölund (wulax) ","OGA-BY 3.0,CC-BY-SA 3.0,GPL 3.0 ","https://opengameart.org/content/lpc-medieval-fantasy-character-sprites,http://opengameart.org/content/lpc-clothing-updates,https://opengameart.org/content/lpc-expanded-socks-shoes "
feet/shoes/basic/male/thrust.png,"original by wulax, edited for v3 base by bluecarrot16, Jump/Sit/Emote/Run/Revised Combat by JaidynReiman ","JaidynReiman,bluecarrot16,Johannes Sjölund (wulax) ","OGA-BY 3.0,CC-BY-SA 3.0,GPL 3.0 ","https://opengameart.org/content/lpc-medieval-fantasy-character-sprites,http://opengameart.org/content/lpc-clothing-updates,https://opengameart.org/content/lpc-expanded-socks-shoes "
feet/shoes/basic/male/walk.png,"original by wulax, edited for v3 base by bluecarrot16, Jump/Sit/Emote/Run/Revised Combat by JaidynReiman ","JaidynReiman,bluecarrot16,Johannes Sjölund (wulax) ","OGA-BY 3.0,CC-BY-SA 3.0,GPL 3.0 ","https://opengameart.org/content/lpc-medieval-fantasy-character-sprites,http://opengameart.org/content/lpc-clothing-updates,https://opengameart.org/content/lpc-expanded-socks-shoes "
feet/shoes/basic/thin/hurt.png,"original by wulax, edited for female base by Joe White, edited for v3 base by bluecarrot16, Jump/Sit/Emote/Run/Revised Combat by JaidynReiman ","JaidynReiman,Joe White,Johannes Sjölund (wulax) ","OGA-BY 3.0,CC-BY-SA 3.0,GPL 3.0 ","https://opengameart.org/content/lpc-medieval-fantasy-character-sprites,http://opengameart.org/content/lpc-clothing-updates,https://opengameart.org/content/lpc-expanded-socks-shoes "
feet/shoes/basic/thin/idle.png,"original by wulax, edited for female base by Joe White, edited for v3 base by bluecarrot16, Jump/Sit/Emote/Run/Revised Combat by JaidynReiman ","JaidynReiman,Joe White,Johannes Sjölund (wulax) ","OGA-BY 3.0,CC-BY-SA 3.0,GPL 3.0 ","https://opengameart.org/content/lpc-medieval-fantasy-character-sprites,http://opengameart.org/content/lpc-clothing-updates,https://opengameart.org/content/lpc-expanded-socks-shoes "
feet/shoes/basic/thin/shoot.png,"original by wulax, edited for female base by Joe White, edited for v3 base by bluecarrot16, Jump/Sit/Emote/Run/Revised Combat by JaidynReiman ","JaidynReiman,Joe White,Johannes Sjölund (wulax) ","OGA-BY 3.0,CC-BY-SA 3.0,GPL 3.0 ","https://opengameart.org/content/lpc-medieval-fantasy-character-sprites,http://opengameart.org/content/lpc-clothing-updates,https://opengameart.org/content/lpc-expanded-socks-shoes "
feet/shoes/basic/thin/slash.png,"original by wulax, edited for female base by Joe White, edited for v3 base by bluecarrot16, Jump/Sit/Emote/Run/Revised Combat by JaidynReiman ","JaidynReiman,Joe White,Johannes Sjölund (wulax) ","OGA-BY 3.0,CC-BY-SA 3.0,GPL 3.0 ","https://opengameart.org/content/lpc-medieval-fantasy-character-sprites,http://opengameart.org/content/lpc-clothing-updates,https://opengameart.org/content/lpc-expanded-socks-shoes "
feet/shoes/basic/thin/spellcast.png,"original by wulax, edited for female base by Joe White, edited for v3 base by bluecarrot16, Jump/Sit/Emote/Run/Revised Combat by JaidynReiman ","JaidynReiman,Joe White,Johannes Sjölund (wulax) ","OGA-BY 3.0,CC-BY-SA 3.0,GPL 3.0 ","https://opengameart.org/content/lpc-medieval-fantasy-character-sprites,http://opengameart.org/content/lpc-clothing-updates,https://opengameart.org/content/lpc-expanded-socks-shoes "
feet/shoes/basic/thin/thrust.png,"original by wulax, edited for female base by Joe White, edited for v3 base by bluecarrot16, Jump/Sit/Emote/Run/Revised Combat by JaidynReiman ","JaidynReiman,Joe White,Johannes Sjölund (wulax) ","OGA-BY 3.0,CC-BY-SA 3.0,GPL 3.0 ","https://opengameart.org/content/lpc-medieval-fantasy-character-sprites,http://opengameart.org/content/lpc-clothing-updates,https://opengameart.org/content/lpc-expanded-socks-shoes "
feet/shoes/basic/thin/walk.png,"original by wulax, edited for female base by Joe White, edited for v3 base by bluecarrot16, Jump/Sit/Emote/Run/Revised Combat by JaidynReiman ","JaidynReiman,Joe White,Johannes Sjölund (wulax) ","OGA-BY 3.0,CC-BY-SA 3.0,GPL 3.0 ","https://opengameart.org/content/lpc-medieval-fantasy-character-sprites,http://opengameart.org/content/lpc-clothing-updates,https://opengameart.org/content/lpc-expanded-socks-shoes "
hair/balding/adult/hurt.png, ,ElizaWy ,OGA-BY 3.0 ,https://opengameart.org/content/lpc-hair 
hair/balding/adult/idle.png, ,ElizaWy ,OGA-BY 3.0 ,https://opengameart.org/content/lpc-hair 
hair/balding/adult/shoot.png, ,ElizaWy ,OGA-BY 3.0 ,https://opengameart.org/content/lpc-hair 
hair/balding/adult/slash.png, ,ElizaWy ,OGA-BY 3.0 ,https://opengameart.org/content/lpc-hair 
hair/balding/adult/spellcast.png, ,ElizaWy ,OGA-BY 3.0 ,https://opengameart.org/content/lpc-hair 
hair/balding/adult/thrust.png, ,ElizaWy ,OGA-BY 3.0 ,https://opengameart.org/content/lpc-hair 
hair/balding/adult/walk.png, ,ElizaWy ,OGA-BY 3.0 ,https://opengameart.org/content/lpc-hair 
hair/bangslong/adult/hurt.png, ,"JaidynReiman,Manuel Riecke (MrBeast) ","CC-BY-SA 3.0,GPL 3.0 ","https://opengameart.org/content/lpc-medieval-fantasy-character-sprites,https://opengameart.org/content/lpc-expanded-hair "
hair/bangslong/adult/idle.png, ,"JaidynReiman,Manuel Riecke (MrBeast) ","CC-BY-SA 3.0,GPL 3.0 ","https://opengameart.org/content/lpc-medieval-fantasy-character-sprites,https://opengameart.org/content/lpc-expanded-hair "
hair/bangslong/adult/shoot.png, ,"JaidynReiman,Manuel Riecke (MrBeast) ","CC-BY-SA 3.0,GPL 3.0 ","https://opengameart.org/content/lpc-medieval-fantasy-character-sprites,https://opengameart.org/content/lpc-expanded-hair "
hair/bangslong/adult/slash.png, ,"JaidynReiman,Manuel Riecke (MrBeast) ","CC-BY-SA 3.0,GPL 3.0 ","https://opengameart.org/content/lpc-medieval-fantasy-character-sprites,https://opengameart.org/content/lpc-expanded-hair "
hair/bangslong/adult/spellcast.png, ,"JaidynReiman,Manuel Riecke (MrBeast) ","CC-BY-SA 3.0,GPL 3.0 ","https://opengameart.org/content/lpc-medieval-fantasy-character-sprites,https://opengameart.org/content/lpc-expanded-hair "
hair/bangslong/adult/thrust.png, ,"JaidynReiman,Manuel Riecke (MrBeast) ","CC-BY-SA 3.0,GPL 3.0 ","https://opengameart.org/content/lpc-medieval-fantasy-character-sprites,https://opengameart.org/content/lpc-expanded-hair "
hair/bangslong/adult/walk.png, ,"JaidynReiman,Manuel Riecke (MrBeast) ","CC-BY-SA 3.0,GPL 3.0 ","https://opengameart.org/content/lpc-medieval-fantasy-character-sprites,https://opengameart.org/content/lpc-expanded-hair "
hair/buzzcut/adult/hurt.png, ,ElizaWy ,OGA-BY 3.0 ,https://opengameart.org/content/lpc-hair 
hair/buzzcut/adult/idle.png, ,ElizaWy ,OGA-BY 3.0 ,https://opengameart.org/content/lpc-hair 
hair/buzzcut/adult/shoot.png, ,ElizaWy ,OGA-BY 3.0 ,https://opengameart.org/content/lpc-hair 
hair/buzzcut/adult/slash.png, ,ElizaWy ,OGA-BY 3.0 ,https://opengameart.org/content/lpc-hair 
hair/buzzcut/adult/spellcast.png, ,ElizaWy ,OGA-BY 3.0 ,https://opengameart.org/content/lpc-hair 
hair/buzzcut/adult/thrust.png, ,ElizaWy ,OGA-BY 3.0 ,https://opengameart.org/content/lpc-hair 
hair/buzzcut/adult/walk.png, ,ElizaWy ,OGA-BY 3.0 ,https://opengameart.org/content/lpc-hair 
hair/high_ponytail/adult/bg/hurt.png, ,"JaidynReiman,ElizaWy,bluecarrot16 ",OGA-BY 3.0 ,"https://opengameart.org/content/lpc-hair,https://opengameart.org/content/lpc-expanded-hair "
hair/high_ponytail/adult/bg/idle.png, ,"JaidynReiman,ElizaWy,bluecarrot16 ",OGA-BY 3.0 ,"https://opengameart.org/content/lpc-hair,https://opengameart.org/content/lpc-expanded-hair "
hair/high_ponytail/adult/bg/shoot.png, ,"JaidynReiman,ElizaWy,bluecarrot16 ",OGA-BY 3.0 ,"https://opengameart.org/content/lpc-hair,https://opengameart.org/content/lpc-expanded-hair "
hair/high_ponytail/adult/bg/slash.png, ,"JaidynReiman,ElizaWy,bluecarrot16 ",OGA-BY 3.0 ,"https://opengameart.org/content/lpc-hair,https://opengameart.org/content/lpc-expanded-hair "
hair/high_ponytail/adult/bg/spellcast.png, ,"JaidynReiman,ElizaWy,bluecarrot16 ",OGA-BY 3.0 ,"https://opengameart.org/content/lpc-hair,https://opengameart.org/content/lpc-expanded-hair "
hair/high_ponytail/adult/bg/thrust.png, ,"JaidynReiman,ElizaWy,bluecarrot16 ",OGA-BY 3.0 ,"https://opengameart.org/content/lpc-hair,https://opengameart.org/content/lpc-expanded-hair "
hair/high_ponytail/adult/bg/walk.png, ,"JaidynReiman,ElizaWy,bluecarrot16 ",OGA-BY 3.0 ,"https://opengameart.org/content/lpc-hair,https://opengameart.org/content/lpc-expanded-hair "
hair/high_ponytail/adult/fg/hurt.png, ,"JaidynReiman,ElizaWy,bluecarrot16 ",OGA-BY 3.0 ,"https://opengameart.org/content/lpc-hair,https://opengameart.org/content/lpc-expanded-hair "
hair/high_ponytail/adult/fg/idle.png, ,"JaidynReiman,ElizaWy,bluecarrot16 ",OGA-BY 3.0 ,"https://opengameart.org/content/lpc-hair,https://opengameart.org/content/lpc-expanded-hair "
hair/high_ponytail/adult/fg/shoot.png, ,"JaidynReiman,ElizaWy,bluecarrot16 ",OGA-BY 3.0 ,"https://opengameart.org/content/lpc-hair,https://opengameart.org/content/lpc-expanded-hair "
hair/high_ponytail/adult/fg/slash.png, ,"JaidynReiman,ElizaWy,bluecarrot16 ",OGA-BY 3.0 ,"https://opengameart.org/content/lpc-hair,https://opengameart.org/content/lpc-expanded-hair "
hair/high_ponytail/adult/fg/spellcast.png, ,"JaidynReiman,ElizaWy,bluecarrot16 ",OGA-BY 3.0 ,"https://opengameart.org/content/lpc-hair,https://opengameart.org/content/lpc-expanded-hair "
hair/high_ponytail/adult/fg/thrust.png, ,"JaidynReiman,ElizaWy,bluecarrot16 ",OGA-BY 3.0 ,"https://opengameart.org/content/lpc-hair,https://opengameart.org/content/lpc-expanded-hair "
hair/high_ponytail/adult/fg/walk.png, ,"JaidynReiman,ElizaWy,bluecarrot16 ",OGA-BY 3.0 ,"https://opengameart.org/content/lpc-hair,https://opengameart.org/content/lpc-expanded-hair "
hair/long_messy/adult/hurt.png,(puck) ,"Mandi Paugh,bluecarrot16 ","GPL 2.0,GPL 3.0,CC-BY 3.0 ","https://opengameart.org/content/puck-overland,https://opengameart.org/content/lpc-hair "
hair/long_messy/adult/idle.png,(puck) ,"Mandi Paugh,bluecarrot16 ","GPL 2.0,GPL 3.0,CC-BY 3.0 ","https://opengameart.org/content/puck-overland,https://opengameart.org/content/lpc-hair "
hair/long_messy/adult/shoot.png,(puck) ,"Mandi Paugh,bluecarrot16 ","GPL 2.0,GPL 3.0,CC-BY 3.0 ","https://opengameart.org/content/puck-overland,https://opengameart.org/content/lpc-hair "
hair/long_messy/adult/slash.png,(puck) ,"Mandi Paugh,bluecarrot16 ","GPL 2.0,GPL 3.0,CC-BY 3.0 ","https://opengameart.org/content/puck-overland,https://opengameart.org/content/lpc-hair "
hair/long_messy/adult/spellcast.png,(puck) ,"Mandi Paugh,bluecarrot16 ","GPL 2.0,GPL 3.0,CC-BY 3.0 ","https://opengameart.org/content/puck-overland,https://opengameart.org/content/lpc-hair "
hair/long_messy/adult/thrust.png,(puck) ,"Mandi Paugh,bluecarrot16 ","GPL 2.0,GPL 3.0,CC-BY 3.0 ","https://opengameart.org/content/puck-overland,https://opengameart.org/content/lpc-hair "
hair/long_messy/adult/walk.png,(puck) ,"Mandi Paugh,bluecarrot16 ","GPL 2.0,GPL 3.0,CC-BY 3.0 ","https://opengameart.org/content/puck-overland,https://opengameart.org/content/lpc-hair "
hair/long_tied/adult/bg/hurt.png, ,"JaidynReiman,thecilekli,bluecarrot16 ",CC0 ,"https://opengameart.org/content/lpc-long-tied-hair-with-12-colors,https://opengameart.org/content/lpc-hair,https://opengameart.org/content/lpc-expanded-hair "
hair/long_tied/adult/bg/idle.png, ,"JaidynReiman,thecilekli,bluecarrot16 ",CC0 ,"https://opengameart.org/content/lpc-long-tied-hair-with-12-colors,https://opengameart.org/content/lpc-hair,https://opengameart.org/content/lpc-expanded-hair "
hair/long_tied/adult/bg/shoot.png, ,"JaidynReiman,thecilekli,bluecarrot16 ",CC0 ,"https://opengameart.org/content/lpc-long-tied-hair-with-12-colors,https://opengameart.org/content/lpc-hair,https://opengameart.org/content/lpc-expanded-hair "
hair/long_tied/adult/bg/slash.png, ,"JaidynReiman,thecilekli,bluecarrot16 ",CC0 ,"https://opengameart.org/content/lpc-long-tied-hair-with-12-colors,https://opengameart.org/content/lpc-hair,https://opengameart.org/content/lpc-expanded-hair "
hair/long_tied/adult/bg/spellcast.png, ,"JaidynReiman,thecilekli,bluecarrot16 ",CC0 ,"https://opengameart.org/content/lpc-long-tied-hair-with-12-colors,https://opengameart.org/content/lpc-hair,https://opengameart.org/content/lpc-expanded-hair "
hair/long_tied/adult/bg/thrust.png, ,"JaidynReiman,thecilekli,bluecarrot16 ",CC0 ,"https://opengameart.org/content/lpc-long-tied-hair-with-12-colors,https://opengameart.org/content/lpc-hair,https://opengameart.org/content/lpc-expanded-hair "
hair/long_tied/adult/bg/walk.png, ,"JaidynReiman,thecilekli,bluecarrot16 ",CC0 ,"https://opengameart.org/content/lpc-long-tied-hair-with-12-colors,https://opengameart.org/content/lpc-hair,https://opengameart.org/content/lpc-expanded-hair "
hair/long_tied/adult/fg/hurt.png, ,"JaidynReiman,thecilekli,bluecarrot16 ",CC0 ,"https://opengameart.org/content/lpc-long-tied-hair-with-12-colors,https://opengameart.org/content/lpc-hair,https://opengameart.org/content/lpc-expanded-hair "
hair/long_tied/adult/fg/idle.png, ,"JaidynReiman,thecilekli,bluecarrot16 ",CC0 ,"https://opengameart.org/content/lpc-long-tied-hair-with-12-colors,https://opengameart.org/content/lpc-hair,https://opengameart.org/content/lpc-expanded-hair "
hair/long_tied/adult/fg/shoot.png, ,"JaidynReiman,thecilekli,bluecarrot16 ",CC0 ,"https://opengameart.org/content/lpc-long-tied-hair-with-12-colors,https://opengameart.org/content/lpc-hair,https://opengameart.org/content/lpc-expanded-hair "
hair/long_tied/adult/fg/slash.png, ,"JaidynReiman,thecilekli,bluecarrot16 ",CC0 ,"https://opengameart.org/content/lpc-long-tied-hair-with-12-colors,https://opengameart.org/content/lpc-hair,https://opengameart.org/content/lpc-expanded-hair "
hair/long_tied/adult/fg/spellcast.png, ,"JaidynReiman,thecilekli,bluecarrot16 ",CC0 ,"https://opengameart.org/content/lpc-long-tied-hair-with-12-colors,https://opengameart.org/content/lpc-hair,https://opengameart.org/content/lpc-expanded-hair "
hair/long_tied/adult/fg/thrust.png, ,"JaidynReiman,thecilekli,bluecarrot16 ",CC0 ,"https://opengameart.org/content/lpc-long-tied-hair-with-12-colors,https://opengameart.org/content/lpc-hair,https://opengameart.org/content/lpc-expanded-hair "
hair/long_tied/adult/fg/walk.png, ,"JaidynReiman,thecilekli,bluecarrot16 ",CC0 ,"https://opengameart.org/content/lpc-long-tied-hair-with-12-colors,https://opengameart.org/content/lpc-hair,https://opengameart.org/content/lpc-expanded-hair "
hair/loose/adult/hurt.png, ,"JaidynReiman,Manuel Riecke (MrBeast) ","CC-BY-SA 3.0,GPL 3.0 ","https://opengameart.org/content/liberated-pixel-cup-lpc-base-assets-sprites-map-tiles,https://opengameart.org/content/lpc-expanded-hair "
hair/loose/adult/idle.png, ,"JaidynReiman,Manuel Riecke (MrBeast) ","CC-BY-SA 3.0,GPL 3.0 ","https://opengameart.org/content/liberated-pixel-cup-lpc-base-assets-sprites-map-tiles,https://opengameart.org/content/lpc-expanded-hair "
hair/loose/adult/shoot.png, ,"JaidynReiman,Manuel Riecke (MrBeast) ","CC-BY-SA 3.0,GPL 3.0 ","https://opengameart.org/content/liberated-pixel-cup-lpc-base-assets-sprites-map-tiles,https://opengameart.org/content/lpc-expanded-hair "
hair/loose/adult/slash.png, ,"JaidynReiman,Manuel Riecke (MrBeast) ","CC-BY-SA 3.0,GPL 3.0 ","https://opengameart.org/content/liberated-pixel-cup-lpc-base-assets-sprites-map-tiles,https://opengameart.org/content/lpc-expanded-hair "
hair/loose/adult/spellcast.png, ,"JaidynReiman,Manuel Riecke (MrBeast) ","CC-BY-SA 3.0,GPL 3.0 ","https://opengameart.org/content/liberated-pixel-cup-lpc-base-assets-sprites-map-tiles,https://opengameart.org/content/lpc-expanded-hair "
hair/loose/adult/thrust.png, ,"JaidynReiman,Manuel Riecke (MrBeast) ","CC-BY-SA 3.0,GPL 3.0 ","https://opengameart.org/content/liberated-pixel-cup-lpc-base-assets-sprites-map-tiles,https://opengameart.org/content/lpc-expanded-hair "
hair/loose/adult/walk.png, ,"JaidynReiman,Manuel Riecke (MrBeast) ","CC-BY-SA 3.0,GPL 3.0 ","https://opengameart.org/content/liberated-pixel-cup-lpc-base-assets-sprites-map-tiles,https://opengameart.org/content/lpc-expanded-hair "
hair/messy1/adult/hurt.png, ,"JaidynReiman,Manuel Riecke (MrBeast) ","CC-BY-SA 3.0,GPL 3.0 ","https://opengameart.org/content/liberated-pixel-cup-lpc-base-assets-sprites-map-tiles,https://opengameart.org/content/lpc-expanded-hair "
hair/messy1/adult/idle.png, ,"JaidynReiman,Manuel Riecke (MrBeast) ","CC-BY-SA 3.0,GPL 3.0 ","https://opengameart.org/content/liberated-pixel-cup-lpc-base-assets-sprites-map-tiles,https://opengameart.org/content/lpc-expanded-hair "
hair/messy1/adult/shoot.png, ,"JaidynReiman,Manuel Riecke (MrBeast) ","CC-BY-SA 3.0,GPL 3.0 ","https://opengameart.org/content/liberated-pixel-cup-lpc-base-assets-sprites-map-tiles,https://opengameart.org/content/lpc-expanded-hair "
hair/messy1/adult/slash.png, ,"JaidynReiman,Manuel Riecke (MrBeast) ","CC-BY-SA 3.0,GPL 3.0 ","https://opengameart.org/content/liberated-pixel-cup-lpc-base-assets-sprites-map-tiles,https://opengameart.org/content/lpc-expanded-hair "
hair/messy1/adult/spellcast.png, ,"JaidynReiman,Manuel Riecke (MrBeast) ","CC-BY-SA 3.0,GPL 3.0 ","https://opengameart.org/content/liberated-pixel-cup-lpc-base-assets-sprites-map-tiles,https://opengameart.org/content/lpc-expanded-hair "
hair/messy1/adult/thrust.png, ,"JaidynReiman,Manuel Riecke (MrBeast) ","CC-BY-SA 3.0,GPL 3.0 ","https://opengameart.org/content/liberated-pixel-cup-lpc-base-assets-sprites-map-tiles,https://opengameart.org/content/lpc-expanded-hair "
hair/messy1/adult/walk.png, ,"JaidynReiman,Manuel Riecke (MrBeast) ","CC-BY-SA 3.0,GPL 3.0 ","https://opengameart.org/content/liberated-pixel-cup-lpc-base-assets-sprites-map-tiles,https://opengameart.org/content/lpc-expanded-hair "
hair/parted/adult/hurt.png,down 4 and 5 added by JaidynReiman; recolors by Joe White; original by Manuel Riecke (MrBeast) ,"JaidynReiman,Joe White,Manuel Riecke (MrBeast) ","CC-BY-SA 3.0,GPL 3.0 ","https://opengameart.org/content/liberated-pixel-cup-lpc-base-assets-sprites-map-tiles,https://github.com/jrconway3/Universal-LPC-spritesheet/commit/46ddcf05a0e43e7aa6ffd47d350eef0eb529ac24,https://opengameart.org/content/lpc-expanded-hair "
hair/parted/adult/idle.png,down 4 and 5 added by JaidynReiman; recolors by Joe White; original by Manuel Riecke (MrBeast) ,"JaidynReiman,Joe White,Manuel Riecke (MrBeast) ","CC-BY-SA 3.0,GPL 3.0 ","https://opengameart.org/content/liberated-pixel-cup-lpc-base-assets-sprites-map-tiles,https://github.com/jrconway3/Universal-LPC-spritesheet/commit/46ddcf05a0e43e7aa6ffd47d350eef0eb529ac24,https://opengameart.org/content/lpc-expanded-hair "
hair/parted/adult/shoot.png,down 4 and 5 added by JaidynReiman; recolors by Joe White; original by Manuel Riecke (MrBeast) ,"JaidynReiman,Joe White,Manuel Riecke (MrBeast) ","CC-BY-SA 3.0,GPL 3.0 ","https://opengameart.org/content/liberated-pixel-cup-lpc-base-assets-sprites-map-tiles,https://github.com/jrconway3/Universal-LPC-spritesheet/commit/46ddcf05a0e43e7aa6ffd47d350eef0eb529ac24,https://opengameart.org/content/lpc-expanded-hair "
hair/parted/adult/slash.png,down 4 and 5 added by JaidynReiman; recolors by Joe White; original by Manuel Riecke (MrBeast) ,"JaidynReiman,Joe White,Manuel Riecke (MrBeast) ","CC-BY-SA 3.0,GPL 3.0 ","https://opengameart.org/content/liberated-pixel-cup-lpc-base-assets-sprites-map-tiles,https://github.com/jrconway3/Universal-LPC-spritesheet/commit/46ddcf05a0e43e7aa6ffd47d350eef0eb529ac24,https://opengameart.org/content/lpc-expanded-hair "
hair/parted/adult/spellcast.png,down 4 and 5 added by JaidynReiman; recolors by Joe White; original by Manuel Riecke (MrBeast) ,"JaidynReiman,Joe White,Manuel Riecke (MrBeast) ","CC-BY-SA 3.0,GPL 3.0 ","https://opengameart.org/content/liberated-pixel-cup-lpc-base-assets-sprites-map-tiles,https://github.com/jrconway3/Universal-LPC-spritesheet/commit/46ddcf05a0e43e7aa6ffd47d350eef0eb529ac24,https://opengameart.org/content/lpc-expanded-hair "
hair/parted/adult/thrust.png,down 4 and 5 added by JaidynReiman; recolors by Joe White; original by Manuel Riecke (MrBeast) ,"JaidynReiman,Joe White,Manuel Riecke (MrBeast) ","CC-BY-SA 3.0,GPL 3.0 ","https://opengameart.org/content/liberated-pixel-cup-lpc-base-assets-sprites-map-tiles,https://github.com/jrconway3/Universal-LPC-spritesheet/commit/46ddcf05a0e43e7aa6ffd47d350eef0eb529ac24,https://opengameart.org/content/lpc-expanded-hair "
hair/parted/adult/walk.png,down 4 and 5 added by JaidynReiman; recolors by Joe White; original by Manuel Riecke (MrBeast) ,"JaidynReiman,Joe White,Manuel Riecke (MrBeast) ","CC-BY-SA 3.0,GPL 3.0 ","https://opengameart.org/content/liberated-pixel-cup-lpc-base-assets-sprites-map-tiles,https://github.com/jrconway3/Universal-LPC-spritesheet/commit/46ddcf05a0e43e7aa6ffd47d350eef0eb529ac24,https://opengameart.org/content/lpc-expanded-hair "
hair/ponytail/adult/bg/hurt.png, ,"JaidynReiman,Manuel Riecke (MrBeast) ","CC-BY-SA 3.0,GPL 3.0 ","https://opengameart.org/content/liberated-pixel-cup-lpc-base-assets-sprites-map-tiles,https://opengameart.org/content/lpc-expanded-hair "
hair/ponytail/adult/bg/idle.png, ,"JaidynReiman,Manuel Riecke (MrBeast) ","CC-BY-SA 3.0,GPL 3.0 ","https://opengameart.org/content/liberated-pixel-cup-lpc-base-assets-sprites-map-tiles,https://opengameart.org/content/lpc-expanded-hair "
hair/ponytail/adult/bg/shoot.png, ,"JaidynReiman,Manuel Riecke (MrBeast) ","CC-BY-SA 3.0,GPL 3.0 ","https://opengameart.org/content/liberated-pixel-cup-lpc-base-assets-sprites-map-tiles,https://opengameart.org/content/lpc-expanded-hair "
hair/ponytail/adult/bg/slash.png, ,"JaidynReiman,Manuel Riecke (MrBeast) ","CC-BY-SA 3.0,GPL 3.0 ","https://opengameart.org/content/liberated-pixel-cup-lpc-base-assets-sprites-map-tiles,https://opengameart.org/content/lpc-expanded-hair "
hair/ponytail/adult/bg/spellcast.png, ,"JaidynReiman,Manuel Riecke (MrBeast) ","CC-BY-SA 3.0,GPL 3.0 ","https://opengameart.org/content/liberated-pixel-cup-lpc-base-assets-sprites-map-tiles,https://opengameart.org/content/lpc-expanded-hair "
hair/ponytail/adult/bg/thrust.png, ,"JaidynReiman,Manuel Riecke (MrBeast) ","CC-BY-SA 3.0,GPL 3.0 ","https://opengameart.org/content/liberated-pixel-cup-lpc-base-assets-sprites-map-tiles,https://opengameart.org/content/lpc-expanded-hair "
hair/ponytail/adult/bg/walk.png, ,"JaidynReiman,Manuel Riecke (MrBeast) ","CC-BY-SA 3.0,GPL 3.0 ","https://opengameart.org/content/liberated-pixel-cup-lpc-base-assets-sprites-map-tiles,https://opengameart.org/content/lpc-expanded-hair "
hair/ponytail/adult/fg/hurt.png, ,"JaidynReiman,Manuel Riecke (MrBeast) ","CC-BY-SA 3.0,GPL 3.0 ","https://opengameart.org/content/liberated-pixel-cup-lpc-base-assets-sprites-map-tiles,https://opengameart.org/content/lpc-expanded-hair "
hair/ponytail/adult/fg/idle.png, ,"JaidynReiman,Manuel Riecke (MrBeast) ","CC-BY-SA 3.0,GPL 3.0 ","https://opengameart.org/content/liberated-pixel-cup-lpc-base-assets-sprites-map-tiles,https://opengameart.org/content/lpc-expanded-hair "
hair/ponytail/adult/fg/shoot.png, ,"JaidynReiman,Manuel Riecke (MrBeast) ","CC-BY-SA 3.0,GPL 3.0 ","https://opengameart.org/content/liberated-pixel-cup-lpc-base-assets-sprites-map-tiles,https://opengameart.org/content/lpc-expanded-hair "
hair/ponytail/adult/fg/slash.png, ,"JaidynReiman,Manuel Riecke (MrBeast) ","CC-BY-SA 3.0,GPL 3.0 ","https://opengameart.org/content/liberated-pixel-cup-lpc-base-assets-sprites-map-tiles,https://opengameart.org/content/lpc-expanded-hair "
hair/ponytail/adult/fg/spellcast.png, ,"JaidynReiman,Manuel Riecke (MrBeast) ","CC-BY-SA 3.0,GPL 3.0 ","https://opengameart.org/content/liberated-pixel-cup-lpc-base-assets-sprites-map-tiles,https://opengameart.org/content/lpc-expanded-hair "
hair/ponytail/adult/fg/thrust.png, ,"JaidynReiman,Manuel Riecke (MrBeast) ","CC-BY-SA 3.0,GPL 3.0 ","https://opengameart.org/content/liberated-pixel-cup-lpc-base-assets-sprites-map-tiles,https://opengameart.org/content/lpc-expanded-hair "
hair/ponytail/adult/fg/walk.png, ,"JaidynReiman,Manuel Riecke (MrBeast) ","CC-BY-SA 3.0,GPL 3.0 ","https://opengameart.org/content/liberated-pixel-cup-lpc-base-assets-sprites-map-tiles,https://opengameart.org/content/lpc-expanded-hair "
hat/cloth/bandana/adult/hurt.png, ,"Matthew Krohn (makrohn),JaidynReiman,Marcel van de Steeg (MadMarcel),JaidynReiman ","OGA-BY 3.0,CC-BY-SA 3.0 ","https://opengameart.org/content/lpc-female-orcogregoblintroll-base-walkcycle,https://github.com/makrohn/Universal-LPC-spritesheet/commit/f50007cb47c235d8896cafae7a613f0b6a9a09a8?short_path=02b86d4#diff-02b86d45789a3e3e8e79519c7d17d15c9e6ecc9b4ddecb1bcd8dfbbaef430b75,https://opengameart.org/content/lpc-expanded-hats-facial-helmets "
hat/cloth/bandana/adult/idle.png, ,"Matthew Krohn (makrohn),JaidynReiman,Marcel van de Steeg (MadMarcel),JaidynReiman ","OGA-BY 3.0,CC-BY-SA 3.0 ","https://opengameart.org/content/lpc-female-orcogregoblintroll-base-walkcycle,https://github.com/makrohn/Universal-LPC-spritesheet/commit/f50007cb47c235d8896cafae7a613f0b6a9a09a8?short_path=02b86d4#diff-02b86d45789a3e3e8e79519c7d17d15c9e6ecc9b4ddecb1bcd8dfbbaef430b75,https://opengameart.org/content/lpc-expanded-hats-facial-helmets "
hat/cloth/bandana/adult/shoot.png, ,"Matthew Krohn (makrohn),JaidynReiman,Marcel van de Steeg (MadMarcel),JaidynReiman ","OGA-BY 3.0,CC-BY-SA 3.0 ","https://opengameart.org/content/lpc-female-orcogregoblintroll-base-walkcycle,https://github.com/makrohn/Universal-LPC-spritesheet/commit/f50007cb47c235d8896cafae7a613f0b6a9a09a8?short_path=02b86d4#diff-02b86d45789a3e3e8e79519c7d17d15c9e6ecc9b4ddecb1bcd8dfbbaef430b75,https://opengameart.org/content/lpc-expanded-hats-facial-helmets "
hat/cloth/bandana/adult/slash.png, ,"Matthew Krohn (makrohn),JaidynReiman,Marcel van de Steeg (MadMarcel),JaidynReiman ","OGA-BY 3.0,CC-BY-SA 3.0 ","https://opengameart.org/content/lpc-female-orcogregoblintroll-base-walkcycle,https://github.com/makrohn/Universal-LPC-spritesheet/commit/f50007cb47c235d8896cafae7a613f0b6a9a09a8?short_path=02b86d4#diff-02b86d45789a3e3e8e79519c7d17d15c9e6ecc9b4ddecb1bcd8dfbbaef430b75,https://opengameart.org/content/lpc-expanded-hats-facial-helmets "
hat/cloth/bandana/adult/spellcast.png, ,"Matthew Krohn (makrohn),JaidynReiman,Marcel van de Steeg (MadMarcel),JaidynReiman ","OGA-BY 3.0,CC-BY-SA 3.0 ","https://opengameart.org/content/lpc-female-orcogregoblintroll-base-walkcycle,https://github.com/makrohn/Universal-LPC-spritesheet/commit/f50007cb47c235d8896cafae7a613f0b6a9a09a8?short_path=02b86d4#diff-02b86d45789a3e3e8e79519c7d17d15c9e6ecc9b4ddecb1bcd8dfbbaef430b75,https://opengameart.org/content/lpc-expanded-hats-facial-helmets "
hat/cloth/bandana/adult/thrust.png, ,"Matthew Krohn (makrohn),JaidynReiman,Marcel van de Steeg (MadMarcel),JaidynReiman ","OGA-BY 3.0,CC-BY-SA 3.0 ","https://opengameart.org/content/lpc-female-orcogregoblintroll-base-walkcycle,https://github.com/makrohn/Universal-LPC-spritesheet/commit/f50007cb47c235d8896cafae7a613f0b6a9a09a8?short_path=02b86d4#diff-02b86d45789a3e3e8e79519c7d17d15c9e6ecc9b4ddecb1bcd8dfbbaef430b75,https://opengameart.org/content/lpc-expanded-hats-facial-helmets "
hat/cloth/bandana/adult/walk.png, ,"Matthew Krohn (makrohn),JaidynReiman,Marcel van de Steeg (MadMarcel),JaidynReiman ","OGA-BY 3.0,CC-BY-SA 3.0 ","https://opengameart.org/content/lpc-female-orcogregoblintroll-base-walkcycle,https://github.com/makrohn/Universal-LPC-spritesheet/commit/f50007cb47c235d8896cafae7a613f0b6a9a09a8?short_path=02b86d4#diff-02b86d45789a3e3e8e79519c7d17d15c9e6ecc9b4ddecb1bcd8dfbbaef430b75,https://opengameart.org/content/lpc-expanded-hats-facial-helmets "
hat/cloth/hood/adult/hurt.png,"Brown hood by Wulax, original black/white recolors by ??, mapped to idle/run/jump/revised combat by JaidynReiman, along with additional recolors. ","Johannes Sjölund (wulax),JaidynReiman ","OGA-BY 3.0,CC-BY-SA 3.0,GPL 3.0 ","https://opengameart.org/content/lpc-medieval-fantasy-character-sprites,https://opengameart.org/content/lpc-expanded-hats-facial-helmets "
hat/cloth/hood/adult/idle.png,"Brown hood by Wulax, original black/white recolors by ??, mapped to idle/run/jump/revised combat by JaidynReiman, along with additional recolors. ","Johannes Sjölund (wulax),JaidynReiman ","OGA-BY 3.0,CC-BY-SA 3.0,GPL 3.0 ","https://opengameart.org/content/lpc-medieval-fantasy-character-sprites,https://opengameart.org/content/lpc-expanded-hats-facial-helmets "
hat/cloth/hood/adult/shoot.png,"Brown hood by Wulax, original black/white recolors by ??, mapped to idle/run/jump/revised combat by JaidynReiman, along with additional recolors. ","Johannes Sjölund (wulax),JaidynReiman ","OGA-BY 3.0,CC-BY-SA 3.0,GPL 3.0 ","https://opengameart.org/content/lpc-medieval-fantasy-character-sprites,https://opengameart.org/content/lpc-expanded-hats-facial-helmets "
hat/cloth/hood/adult/slash.png,"Brown hood by Wulax, original black/white recolors by ??, mapped to idle/run/jump/revised combat by JaidynReiman, along with additional recolors. ","Johannes Sjölund (wulax),JaidynReiman ","OGA-BY 3.0,CC-BY-SA 3.0,GPL 3.0 ","https://opengameart.org/content/lpc-medieval-fantasy-character-sprites,https://opengameart.org/content/lpc-expanded-hats-facial-helmets "
hat/cloth/hood/adult/spellcast.png,"Brown hood by Wulax, original black/white recolors by ??, mapped to idle/run/jump/revised combat by JaidynReiman, along with additional recolors. ","Johannes Sjölund (wulax),JaidynReiman ","OGA-BY 3.0,CC-BY-SA 3.0,GPL 3.0 ","https://opengameart.org/content/lpc-medieval-fantasy-character-sprites,https://opengameart.org/content/lpc-expanded-hats-facial-helmets "
hat/cloth/hood/adult/thrust.png,"Brown hood by Wulax, original black/white recolors by ??, mapped to idle/run/jump/revised combat by JaidynReiman, along with additional recolors. ","Johannes Sjölund (wulax),JaidynReiman ","OGA-BY 3.0,CC-BY-SA 3.0,GPL 3.0 ","https://opengameart.org/content/lpc-medieval-fantasy-character-sprites,https://opengameart.org/content/lpc-expanded-hats-facial-helmets "
hat/cloth/hood/adult/walk.png,"Brown hood by Wulax, original black/white recolors by ??, mapped to idle/run/jump/revised combat by JaidynReiman, along with additional recolors. ","Johannes Sjölund (wulax),JaidynReiman ","OGA-BY 3.0,CC-BY-SA 3.0,GPL 3.0 ","https://opengameart.org/content/lpc-medieval-fantasy-character-sprites,https://opengameart.org/content/lpc-expanded-hats-facial-helmets "
hat/helmet/greathelm/male/hurt.png, ,bluecarrot16 ,"OGA-BY 3.0,CC-BY 3.0,CC-BY 4.0,GPL 2.0,GPL 3.0 ","https://opengameart.org/content/lpc-helmets,https://opengameart.org/content/lpc-expanded-hats-facial-helmets "
hat/helmet/greathelm/male/idle.png, ,bluecarrot16 ,"OGA-BY 3.0,CC-BY 3.0,CC-BY 4.0,GPL 2.0,GPL 3.0 ","https://opengameart.org/content/lpc-helmets,https://opengameart.org/content/lpc-expanded-hats-facial-helmets "
hat/helmet/greathelm/male/shoot.png, ,bluecarrot16 ,"OGA-BY 3.0,CC-BY 3.0,CC-BY 4.0,GPL 2.0,GPL 3.0 ","https://opengameart.org/content/lpc-helmets,https://opengameart.org/content/lpc-expanded-hats-facial-helmets "
hat/helmet/greathelm/male/slash.png, ,bluecarrot16 ,"OGA-BY 3.0,CC-BY 3.0,CC-BY 4.0,GPL 2.0,GPL 3.0 ","https://opengameart.org/content/lpc-helmets,https://opengameart.org/content/lpc-expanded-hats-facial-helmets "
hat/helmet/greathelm/male/spellcast.png, ,bluecarrot16 ,"OGA-BY 3.0,CC-BY 3.0,CC-BY 4.0,GPL 2.0,GPL 3.0 ","https://opengameart.org/content/lpc-helmets,https://opengameart.org/content/lpc-expanded-hats-facial-helmets "
hat/helmet/greathelm/male/thrust.png, ,bluecarrot16 ,"OGA-BY 3.0,CC-BY 3.0,CC-BY 4.0,GPL 2.0,GPL 3.0 ","https://opengameart.org/content/lpc-helmets,https://opengameart.org/content/lpc-expanded-hats-facial-helmets "
hat/helmet/greathelm/male/walk.png, ,bluecarrot16 ,"OGA-BY 3.0,CC-BY 3.0,CC-BY 4.0,GPL 2.0,GPL 3.0 ","https://opengameart.org/content/lpc-helmets,https://opengameart.org/content/lpc-expanded-hats-facial-helmets "
head/heads/boarman/adult/hurt.png,"pig by daneeklu adapted to boarman by BenCreating, placed to v3 bases by bluecarrot16 ","Benjamin K. Smith (BenCreating),Daniel Eddeland (daneeklu) ","CC-BY 3.0,GPL 2.0 ","https://opengameart.org/content/lpc-style-farm-animals,https://opengameart.org/content/lpc-wild-boar,https://opengameart.org/content/lpc-boarman "
head/heads/boarman/adult/idle.png,"pig by daneeklu adapted to boarman by BenCreating, placed to v3 bases by bluecarrot16 ","Benjamin K. Smith (BenCreating),Daniel Eddeland (daneeklu) ","CC-BY 3.0,GPL 2.0 ","https://opengameart.org/content/lpc-style-farm-animals,https://opengameart.org/content/lpc-wild-boar,https://opengameart.org/content/lpc-boarman "
head/heads/boarman/adult/shoot.png,"pig by daneeklu adapted to boarman by BenCreating, placed to v3 bases by bluecarrot16 ","Benjamin K. Smith (BenCreating),Daniel Eddeland (daneeklu) ","CC-BY 3.0,GPL 2.0 ","https://opengameart.org/content/lpc-style-farm-animals,https://opengameart.org/content/lpc-wild-boar,https://opengameart.org/content/lpc-boarman "
head/heads/boarman/adult/slash.png,"pig by daneeklu adapted to boarman by BenCreating, placed to v3 bases by bluecarrot16 ","Benjamin K. Smith (BenCreating),Daniel Eddeland (daneeklu) ","CC-BY 3.0,GPL 2.0 ","https://opengameart.org/content/lpc-style-farm-animals,https://opengameart.org/content/lpc-wild-boar,https://opengameart.org/content/lpc-boarman "
head/heads/boarman/adult/spellcast.png,"pig by daneeklu adapted to boarman by BenCreating, placed to v3 bases by bluecarrot16 ","Benjamin K. Smith (BenCreating),Daniel Eddeland (daneeklu) ","CC-BY 3.0,GPL 2.0 ","https://opengameart.org/content/lpc-style-farm-animals,https://opengameart.org/content/lpc-wild-boar,https://opengameart.org/content/lpc-boarman "
head/heads/boarman/adult/thrust.png,"pig by daneeklu adapted to boarman by BenCreating, placed to v3 bases by bluecarrot16 ","Benjamin K. Smith (BenCreating),Daniel Eddeland (daneeklu) ","CC-BY 3.0,GPL 2.0 ","https://opengameart.org/content/lpc-style-farm-animals,https://opengameart.org/content/lpc-wild-boar,https://opengameart.org/content/lpc-boarman "
head/heads/boarman/adult/walk.png,"pig by daneeklu adapted to boarman by BenCreating, placed to v3 bases by bluecarrot16 ","Benjamin K. Smith (BenCreating),Daniel Eddeland (daneeklu) ","CC-BY 3.0,GPL 2.0 ","https://opengameart.org/content/lpc-style-farm-animals,https://opengameart.org/content/lpc-wild-boar,https://opengameart.org/content/lpc-boarman "
head/heads/human/female_elderly/hurt.png, ,"Benjamin K. Smith (BenCreating),Eliza Wyatt (ElizaWy),Stephen Challener (Redshrike) ","OGA-BY 3.0,CC-BY 3.0 ","https://opengameart.org/content/liberated-pixel-cup-lpc-base-assets-sprites-map-tiles,https://opengameart.org/content/lpc-revised-elders,https://opengameart.org/content/lpc-character-bases "
head/heads/human/female_elderly/idle.png, ,"Benjamin K. Smith (BenCreating),Eliza Wyatt (ElizaWy),Stephen Challener (Redshrike) ","OGA-BY 3.0,CC-BY 3.0 ","https://opengameart.org/content/liberated-pixel-cup-lpc-base-assets-sprites-map-tiles,https://opengameart.org/content/lpc-revised-elders,https://opengameart.org/content/lpc-character-bases "
head/heads/human/female_elderly/shoot.png, ,"Benjamin K. Smith (BenCreating),Eliza Wyatt (ElizaWy),Stephen Challener (Redshrike) ","OGA-BY 3.0,CC-BY 3.0 ","https://opengameart.org/content/liberated-pixel-cup-lpc-base-assets-sprites-map-tiles,https://opengameart.org/content/lpc-revised-elders,https://opengameart.org/content/lpc-character-bases "
head/heads/human/female_elderly/slash.png, ,"Benjamin K. Smith (BenCreating),Eliza Wyatt (ElizaWy),Stephen Challener (Redshrike) ","OGA-BY 3.0,CC-BY 3.0 ","https://opengameart.org/content/liberated-pixel-cup-lpc-base-assets-sprites-map-tiles,https://opengameart.org/content/lpc-revised-elders,https://opengameart.org/content/lpc-character-bases "
head/heads/human/female_elderly/spellcast.png, ,"Benjamin K. Smith (BenCreating),Eliza Wyatt (ElizaWy),Stephen Challener (Redshrike) ","OGA-BY 3.0,CC-BY 3.0 ","https://opengameart.org/content/liberated-pixel-cup-lpc-base-assets-sprites-map-tiles,https://opengameart.org/content/lpc-revised-elders,https://opengameart.org/content/lpc-character-bases "
head/heads/human/female_elderly/thrust.png, ,"Benjamin K. Smith (BenCreating),Eliza Wyatt (ElizaWy),Stephen Challener (Redshrike) ","OGA-BY 3.0,CC-BY 3.0 ","https://opengameart.org/content/liberated-pixel-cup-lpc-base-assets-sprites-map-tiles,https://opengameart.org/content/lpc-revised-elders,https://opengameart.org/content/lpc-character-bases "
head/heads/human/female_elderly/walk.png, ,"Benjamin K. Smith (BenCreating),Eliza Wyatt (ElizaWy),Stephen Challener (Redshrike) ","OGA-BY 3.0,CC-BY 3.0 ","https://opengameart.org/content/liberated-pixel-cup-lpc-base-assets-sprites-map-tiles,https://opengameart.org/content/lpc-revised-elders,https://opengameart.org/content/lpc-character-bases "
head/heads/human/female_small/hurt.png,"original head by Redshrike, reduced size head by ElizaWy ","ElizaWy,Stephen Challener (Redshrike) ","OGA-BY 3.0,CC-BY ", 
head/heads/human/female_small/idle.png,"original head by Redshrike, reduced size head by ElizaWy ","ElizaWy,Stephen Challener (Redshrike) ","OGA-BY 3.0,CC-BY ", 
head/heads/human/female_small/shoot.png,"original head by Redshrike, reduced size head by ElizaWy ","ElizaWy,Stephen Challener (Redshrike) ","OGA-BY 3.0,CC-BY ", 
head/heads/human/female_small/slash.png,"original head by Redshrike, reduced size head by ElizaWy ","ElizaWy,Stephen Challener (Redshrike) ","OGA-BY 3.0,CC-BY ", 
head/heads/human/female_small/spellcast.png,"original head by Redshrike, reduced size head by ElizaWy ","ElizaWy,Stephen Challener (Redshrike) ","OGA-BY 3.0,CC-BY ", 
head/heads/human/female_small/thrust.png,"original head by Redshrike, reduced size head by ElizaWy ","ElizaWy,Stephen Challener (Redshrike) ","OGA-BY 3.0,CC-BY ", 
head/heads/human/female_small/walk.png,"original head by Redshrike, reduced size head by ElizaWy ","ElizaWy,Stephen Challener (Redshrike) ","OGA-BY 3.0,CC-BY ", 
head/heads/human/male_small/hurt.png,"original head by Redshrike, reduced size head by ElizaWy ","ElizaWy,Stephen Challener (Redshrike) ","OGA-BY 3.0,CC-BY ", 
head/heads/human/male_small/idle.png,"original head by Redshrike, reduced size head by ElizaWy ","ElizaWy,Stephen Challener (Redshrike) ","OGA-BY 3.0,CC-BY ", 
head/heads/human/male_small/shoot.png,"original head by Redshrike, reduced size head by ElizaWy ","ElizaWy,Stephen Challener (Redshrike) ","OGA-BY 3.0,CC-BY ", 
head/heads/human/male_small/slash.png,"original head by Redshrike, reduced size head by ElizaWy ","ElizaWy,Stephen Challener (Redshrike) ","OGA-BY 3.0,CC-BY ", 
head/heads/human/male_small/spellcast.png,"original head by Redshrike, reduced size head by ElizaWy ","ElizaWy,Stephen Challener (Redshrike) ","OGA-BY 3.0,CC-BY ", 
head/heads/human/male_small/thrust.png,"original head by Redshrike, reduced size head by ElizaWy ","ElizaWy,Stephen Challener (Redshrike) ","OGA-BY 3.0,CC-BY ", 
head/heads/human/male_small/walk.png,"original head by Redshrike, reduced size head by ElizaWy ","ElizaWy,Stephen Challener (Redshrike) ","OGA-BY 3.0,CC-BY ", 
head/heads/lizard/male/hurt.png,"original lizard/drake by Nila122, reworked by BenCreating, modular head and further revisions by bluecarrot16. Nila122 gave blanket permission to MedicineStorm to use Nila122's LPC assets under OGA-BY 3.0 (where original or derived only from other works under OGA-BY). ","bluecarrot16,Benjamin K. Smith (BenCreating),Nila122 ","OGA-BY 3.0,CC-BY-SA 3.0,GPL 3.0 ","https://opengameart.org/content/drakes-and-lizardfolk,https://opengameart.org/content/lpc-character-bases "
head/heads/lizard/male/idle.png,"original lizard/drake by Nila122, reworked by BenCreating, modular head and further revisions by bluecarrot16. Nila122 gave blanket permission to MedicineStorm to use Nila122's LPC assets under OGA-BY 3.0 (where original or derived only from other works under OGA-BY). ","bluecarrot16,Benjamin K. Smith (BenCreating),Nila122 ","OGA-BY 3.0,CC-BY-SA 3.0,GPL 3.0 ","https://opengameart.org/content/drakes-and-lizardfolk,https://opengameart.org/content/lpc-character-bases "
head/heads/lizard/male/shoot.png,"original lizard/drake by Nila122, reworked by BenCreating, modular head and further revisions by bluecarrot16. Nila122 gave blanket permission to MedicineStorm to use Nila122's LPC assets under OGA-BY 3.0 (where original or derived only from other works under OGA-BY). ","bluecarrot16,Benjamin K. Smith (BenCreating),Nila122 ","OGA-BY 3.0,CC-BY-SA 3.0,GPL 3.0 ","https://opengameart.org/content/drakes-and-lizardfolk,https://opengameart.org/content/lpc-character-bases "
head/heads/lizard/male/slash.png,"original lizard/drake by Nila122, reworked by BenCreating, modular head and further revisions by bluecarrot16. Nila122 gave blanket permission to MedicineStorm to use Nila122's LPC assets under OGA-BY 3.0 (where original or derived only from other works under OGA-BY). ","bluecarrot16,Benjamin K. Smith (BenCreating),Nila122 ","OGA-BY 3.0,CC-BY-SA 3.0,GPL 3.0 ","https://opengameart.org/content/drakes-and-lizardfolk,https://opengameart.org/content/lpc-character-bases "
head/heads/lizard/male/spellcast.png,"original lizard/drake by Nila122, reworked by BenCreating, modular head and further revisions by bluecarrot16. Nila122 gave blanket permission to MedicineStorm to use Nila122's LPC assets under OGA-BY 3.0 (where original or derived only from other works under OGA-BY). ","bluecarrot16,Benjamin K. Smith (BenCreating),Nila122 ","OGA-BY 3.0,CC-BY-SA 3.0,GPL 3.0 ","https://opengameart.org/content/drakes-and-lizardfolk,https://opengameart.org/content/lpc-character-bases "
head/heads/lizard/male/thrust.png,"original lizard/drake by Nila122, reworked by BenCreating, modular head and further revisions by bluecarrot16. Nila122 gave blanket permission to MedicineStorm to use Nila122's LPC assets under OGA-BY 3.0 (where original or derived only from other works under OGA-BY). ","bluecarrot16,Benjamin K. Smith (BenCreating),Nila122 ","OGA-BY 3.0,CC-BY-SA 3.0,GPL 3.0 ","https://opengameart.org/content/drakes-and-lizardfolk,https://opengameart.org/content/lpc-character-bases "
head/heads/lizard/male/walk.png,"original lizard/drake by Nila122, reworked by BenCreating, modular head and further revisions by bluecarrot16. Nila122 gave blanket permission to MedicineStorm to use Nila122's LPC assets under OGA-BY 3.0 (where original or derived only from other works under OGA-BY). ","bluecarrot16,Benjamin K. Smith (BenCreating),Nila122 ","OGA-BY 3.0,CC-BY-SA 3.0,GPL 3.0 ","https://opengameart.org/content/drakes-and-lizardfolk,https://opengameart.org/content/lpc-character-bases "
head/heads/rat/adult/hurt.png,"original rabbit by Redshrike, adapted to modular head by bluecarrot16, modified to rat by bluecarrot16, color reduction by napsio (Vitruvian Studio) and JaidynReiman ","bluecarrot16,Stephen Challener (Redshrike),Napsio (Vitruvian Studio),JaidynReiman ","OGA-BY 3.0,CC-BY 3.0,CC-BY-SA 3.0 ","https://opengameart.org/content/bunny-rabbit-lpc-style-for-pixelfarm,http://opengameart.org/content/lpc-folk "
head/heads/rat/adult/idle.png,"original rabbit by Redshrike, adapted to modular head by bluecarrot16, modified to rat by bluecarrot16, color reduction by napsio (Vitruvian Studio) and JaidynReiman ","bluecarrot16,Stephen Challener (Redshrike),Napsio (Vitruvian Studio),JaidynReiman ","OGA-BY 3.0,CC-BY 3.0,CC-BY-SA 3.0 ","https://opengameart.org/content/bunny-rabbit-lpc-style-for-pixelfarm,http://opengameart.org/content/lpc-folk "
head/heads/rat/adult/shoot.png,"original rabbit by Redshrike, adapted to modular head by bluecarrot16, modified to rat by bluecarrot16, color reduction by napsio (Vitruvian Studio) and JaidynReiman ","bluecarrot16,Stephen Challener (Redshrike),Napsio (Vitruvian Studio),JaidynReiman ","OGA-BY 3.0,CC-BY 3.0,CC-BY-SA 3.0 ","https://opengameart.org/content/bunny-rabbit-lpc-style-for-pixelfarm,http://opengameart.org/content/lpc-folk "
head/heads/rat/adult/slash.png,"original rabbit by Redshrike, adapted to modular head by bluecarrot16, modified to rat by bluecarrot16, color reduction by napsio (Vitruvian Studio) and JaidynReiman ","bluecarrot16,Stephen Challener (Redshrike),Napsio (Vitruvian Studio),JaidynReiman ","OGA-BY 3.0,CC-BY 3.0,CC-BY-SA 3.0 ","https://opengameart.org/content/bunny-rabbit-lpc-style-for-pixelfarm,http://opengameart.org/content/lpc-folk "
head/heads/rat/adult/spellcast.png,"original rabbit by Redshrike, adapted to modular head by bluecarrot16, modified to rat by bluecarrot16, color reduction by napsio (Vitruvian Studio) and JaidynReiman ","bluecarrot16,Stephen Challener (Redshrike),Napsio (Vitruvian Studio),JaidynReiman ","OGA-BY 3.0,CC-BY 3.0,CC-BY-SA 3.0 ","https://opengameart.org/content/bunny-rabbit-lpc-style-for-pixelfarm,http://opengameart.org/content/lpc-folk "
head/heads/rat/adult/thrust.png,"original rabbit by Redshrike, adapted to modular head by bluecarrot16, modified to rat by bluecarrot16, color reduction by napsio (Vitruvian Studio) and JaidynReiman ","bluecarrot16,Stephen Challener (Redshrike),Napsio (Vitruvian Studio),JaidynReiman ","OGA-BY 3.0,CC-BY 3.0,CC-BY-SA 3.0 ","https://opengameart.org/content/bunny-rabbit-lpc-style-for-pixelfarm,http://opengameart.org/content/lpc-folk "
head/heads/rat/adult/walk.png,"original rabbit by Redshrike, adapted to modular head by bluecarrot16, modified to rat by bluecarrot16, color reduction by napsio (Vitruvian Studio) and JaidynReiman ","bluecarrot16,Stephen Challener (Redshrike),Napsio (Vitruvian Studio),JaidynReiman ","OGA-BY 3.0,CC-BY 3.0,CC-BY-SA 3.0 ","https://opengameart.org/content/bunny-rabbit-lpc-style-for-pixelfarm,http://opengameart.org/content/lpc-folk "
head/heads/skeleton/adult/hurt.png, ,"bluecarrot16,Napsio,JaidynReiman,Johannes Sjölund (wulax),Stephen Challener (Redshrike) ","OGA-BY 3.0,CC-BY-SA 3.0,GPL 3.0 ","https://opengameart.org/content/liberated-pixel-cup-lpc-base-assets-sprites-map-tiles,https://opengameart.org/content/lpc-medieval-fantasy-character-sprites,https://opengameart.org/content/lpc-skeleton,https://opengameart.org/content/lpc-character-bases "
head/heads/skeleton/adult/idle.png, ,"bluecarrot16,Napsio,JaidynReiman,Johannes Sjölund (wulax),Stephen Challener (Redshrike) ","OGA-BY 3.0,CC-BY-SA 3.0,GPL 3.0 ","https://opengameart.org/content/liberated-pixel-cup-lpc-base-assets-sprites-map-tiles,https://opengameart.org/content/lpc-medieval-fantasy-character-sprites,https://opengameart.org/content/lpc-skeleton,https://opengameart.org/content/lpc-character-bases "
head/heads/skeleton/adult/shoot.png, ,"bluecarrot16,Napsio,JaidynReiman,Johannes Sjölund (wulax),Stephen Challener (Redshrike) ","OGA-BY 3.0,CC-BY-SA 3.0,GPL 3.0 ","https://opengameart.org/content/liberated-pixel-cup-lpc-base-assets-sprites-map-tiles,https://opengameart.org/content/lpc-medieval-fantasy-character-sprites,https://opengameart.org/content/lpc-skeleton,https://opengameart.org/content/lpc-character-bases "
head/heads/skeleton/adult/slash.png, ,"bluecarrot16,Napsio,JaidynReiman,Johannes Sjölund (wulax),Stephen Challener (Redshrike) ","OGA-BY 3.0,CC-BY-SA 3.0,GPL 3.0 ","https://opengameart.org/content/liberated-pixel-cup-lpc-base-assets-sprites-map-tiles,https://opengameart.org/content/lpc-medieval-fantasy-character-sprites,https://opengameart.org/content/lpc-skeleton,https://opengameart.org/content/lpc-character-bases "
head/heads/skeleton/adult/spellcast.png, ,"bluecarrot16,Napsio,JaidynReiman,Johannes Sjölund (wulax),Stephen Challener (Redshrike) ","OGA-BY 3.0,CC-BY-SA 3.0,GPL 3.0 ","https://opengameart.org/content/liberated-pixel-cup-lpc-base-assets-sprites-map-tiles,https://opengameart.org/content/lpc-medieval-fantasy-character-sprites,https://opengameart.org/content/lpc-skeleton,https://opengameart.org/content/lpc-character-bases "
head/heads/skeleton/adult/thrust.png, ,"bluecarrot16,Napsio,JaidynReiman,Johannes Sjölund (wulax),Stephen Challener (Redshrike) ","OGA-BY 3.0,CC-BY-SA 3.0,GPL 3.0 ","https://opengameart.org/content/liberated-pixel-cup-lpc-base-assets-sprites-map-tiles,https://opengameart.org/content/lpc-medieval-fantasy-character-sprites,https://opengameart.org/content/lpc-skeleton,https://opengameart.org/content/lpc-character-bases "
head/heads/skeleton/adult/walk.png, ,"bluecarrot16,Napsio,JaidynReiman,Johannes Sjölund (wulax),Stephen Challener (Redshrike) ","OGA-BY 3.0,CC-BY-SA 3.0,GPL 3.0 ","https://opengameart.org/content/liberated-pixel-cup-lpc-base-assets-sprites-map-tiles,https://opengameart.org/content/lpc-medieval-fantasy-character-sprites,https://opengameart.org/content/lpc-skeleton,https://opengameart.org/content/lpc-character-bases "
head/heads/wolf/male/hurt.png,"original wolf animation by Redshrike, commissioned by William.Thompsonj; wolfman sprite by BenCreating, commissioned by castelonia; tweaks and headless version by bluecarrot16 ","bluecarrot16,Sander Frenken (castelonia),Benjamin K. Smith (BenCreating),William.Thompsonj,Stephen Challener (Redshrike) ","CC-BY-SA 3.0,GPL 3.0 ","https://opengameart.org/content/liberated-pixel-cup-lpc-base-assets-sprites-map-tiles,https://opengameart.org/content/lpc-wolf-animation,https://opengameart.org/content/lpc-wolfman,https://opengameart.org/content/lpc-character-bases "
head/heads/wolf/male/idle.png,"original wolf animation by Redshrike, commissioned by William.Thompsonj; wolfman sprite by BenCreating, commissioned by castelonia; tweaks and headless version by bluecarrot16 ","bluecarrot16,Sander Frenken (castelonia),Benjamin K. Smith (BenCreating),William.Thompsonj,Stephen Challener (Redshrike) ","CC-BY-SA 3.0,GPL 3.0 ","https://opengameart.org/content/liberated-pixel-cup-lpc-base-assets-sprites-map-tiles,https://opengameart.org/content/lpc-wolf-animation,https://opengameart.org/content/lpc-wolfman,https://opengameart.org/content/lpc-character-bases "
head/heads/wolf/male/shoot.png,"original wolf animation by Redshrike, commissioned by William.Thompsonj; wolfman sprite by BenCreating, commissioned by castelonia; tweaks and headless version by bluecarrot16 ","bluecarrot16,Sander Frenken (castelonia),Benjamin K. Smith (BenCreating),William.Thompsonj,Stephen Challener (Redshrike) ","CC-BY-SA 3.0,GPL 3.0 ","https://opengameart.org/content/liberated-pixel-cup-lpc-base-assets-sprites-map-tiles,https://opengameart.org/content/lpc-wolf-animation,https://opengameart.org/content/lpc-wolfman,https://opengameart.org/content/lpc-character-bases "
head/heads/wolf/male/slash.png,"original wolf animation by Redshrike, commissioned by William.Thompsonj; wolfman sprite by BenCreating, commissioned by castelonia; tweaks and headless version by bluecarrot16 ","bluecarrot16,Sander Frenken (castelonia),Benjamin K. Smith (BenCreating),William.Thompsonj,Stephen Challener (Redshrike) ","CC-BY-SA 3.0,GPL 3.0 ","https://opengameart.org/content/liberated-pixel-cup-lpc-base-assets-sprites-map-tiles,https://opengameart.org/content/lpc-wolf-animation,https://opengameart.org/content/lpc-wolfman,https://opengameart.org/content/lpc-character-bases "
head/heads/wolf/male/spellcast.png,"original wolf animation by Redshrike, commissioned by William.Thompsonj; wolfman sprite by BenCreating, commissioned by castelonia; tweaks and headless version by bluecarrot16 ","bluecarrot16,Sander Frenken (castelonia),Benjamin K. Smith (BenCreating),William.Thompsonj,Stephen Challener (Redshrike) ","CC-BY-SA 3.0,GPL 3.0 ","https://opengameart.org/content/liberated-pixel-cup-lpc-base-assets-sprites-map-tiles,https://opengameart.org/content/lpc-wolf-animation,https://opengameart.org/content/lpc-wolfman,https://opengameart.org/content/lpc-character-bases "
head/heads/wolf/male/thrust.png,"original wolf animation by Redshrike, commissioned by William.Thompsonj; wolfman sprite by BenCreating, commissioned by castelonia; tweaks and headless version by bluecarrot16 ","bluecarrot16,Sander Frenken (castelonia),Benjamin K. Smith (BenCreating),William.Thompsonj,Stephen Challener (Redshrike) ","CC-BY-SA 3.0,GPL 3.0 ","https://opengameart.org/content/liberated-pixel-cup-lpc-base-assets-sprites-map-tiles,https://opengameart.org/content/lpc-wolf-animation,https://opengameart.org/content/lpc-wolfman,https://opengameart.org/content/lpc-character-bases "
head/heads/wolf/male/walk.png,"original wolf animation by Redshrike, commissioned by William.Thompsonj; wolfman sprite by BenCreating, commissioned by castelonia; tweaks and headless version by bluecarrot16 ","bluecarrot16,Sander Frenken (castelonia),Benjamin K. Smith (BenCreating),William.Thompsonj,Stephen Challener (Redshrike) ","CC-BY-SA 3.0,GPL 3.0 ","https://opengameart.org/content/liberated-pixel-cup-lpc-base-assets-sprites-map-tiles,https://opengameart.org/content/lpc-wolf-animation,https://opengameart.org/content/lpc-wolfman,https://opengameart.org/content/lpc-character-bases "
head/heads/zombie/adult/hurt.png, ,"bluecarrot16,Benjamin K. Smith (BenCreating),Sander Frenken (castelonia),Stephen Challener (Redshrike) ","CC-BY-SA 3.0,GPL 3.0 ","https://opengameart.org/content/liberated-pixel-cup-lpc-base-assets-sprites-map-tiles,https://opengameart.org/content/lpc-zombie,https://opengameart.org/content/lpc-character-bases "
head/heads/zombie/adult/idle.png, ,"bluecarrot16,Benjamin K. Smith (BenCreating),Sander Frenken (castelonia),Stephen Challener (Redshrike) ","CC-BY-SA 3.0,GPL 3.0 ","https://opengameart.org/content/liberated-pixel-cup-lpc-base-assets-sprites-map-tiles,https://opengameart.org/content/lpc-zombie,https://opengameart.org/content/lpc-character-bases "
head/heads/zombie/adult/shoot.png, ,"bluecarrot16,Benjamin K. Smith (BenCreating),Sander Frenken (castelonia),Stephen Challener (Redshrike) ","CC-BY-SA 3.0,GPL 3.0 ","https://opengameart.org/content/liberated-pixel-cup-lpc-base-assets-sprites-map-tiles,https://opengameart.org/content/lpc-zombie,https://opengameart.org/content/lpc-character-bases "
head/heads/zombie/adult/slash.png, ,"bluecarrot16,Benjamin K. Smith (BenCreating),Sander Frenken (castelonia),Stephen Challener (Redshrike) ","CC-BY-SA 3.0,GPL 3.0 ","https://opengameart.org/content/liberated-pixel-cup-lpc-base-assets-sprites-map-tiles,https://opengameart.org/content/lpc-zombie,https://opengameart.org/content/lpc-character-bases "
head/heads/zombie/adult/spellcast.png, ,"bluecarrot16,Benjamin K. Smith (BenCreating),Sander Frenken (castelonia),Stephen Challener (Redshrike) ","CC-BY-SA 3.0,GPL 3.0 ","https://opengameart.org/content/liberated-pixel-cup-lpc-base-assets-sprites-map-tiles,https://opengameart.org/content/lpc-zombie,https://opengameart.org/content/lpc-character-bases "
head/heads/zombie/adult/thrust.png, ,"bluecarrot16,Benjamin K. Smith (BenCreating),Sander Frenken (castelonia),Stephen Challener (Redshrike) ","CC-BY-SA 3.0,GPL 3.0 ","https://opengameart.org/content/liberated-pixel-cup-lpc-base-assets-sprites-map-tiles,https://opengameart.org/content/lpc-zombie,https://opengameart.org/content/lpc-character-bases "
head/heads/zombie/adult/walk.png, ,"bluecarrot16,Benjamin K. Smith (BenCreating),Sander Frenken (castelonia),Stephen Challener (Redshrike) ","CC-BY-SA 3.0,GPL 3.0 ","https://opengameart.org/content/liberated-pixel-cup-lpc-base-assets-sprites-map-tiles,https://opengameart.org/content/lpc-zombie,https://opengameart.org/content/lpc-character-bases "
legs/armour/plate/male/hurt.png,"reduced to 7 colors an adapted to v3 bases by bluecarrot16, climb/jump/sit/emote/run by JaidynReiman ","bluecarrot16,JaidynReiman,Michael Whitlock (bigbeargames),Matthew Krohn (makrohn),Johannes Sjölund (wulax) ","OGA-BY 3.0,CC-BY-SA 3.0,GPL 3.0 ",https://opengameart.org/content/lpc-medieval-fantasy-character-sprites 
legs/armour/plate/male/idle.png,"reduced to 7 colors an adapted to v3 bases by bluecarrot16, climb/jump/sit/emote/run by JaidynReiman ","bluecarrot16,JaidynReiman,Michael Whitlock (bigbeargames),Matthew Krohn (makrohn),Johannes Sjölund (wulax) ","OGA-BY 3.0,CC-BY-SA 3.0,GPL 3.0 ",https://opengameart.org/content/lpc-medieval-fantasy-character-sprites 
legs/armour/plate/male/shoot.png,"reduced to 7 colors an adapted to v3 bases by bluecarrot16, climb/jump/sit/emote/run by JaidynReiman ","bluecarrot16,JaidynReiman,Michael Whitlock (bigbeargames),Matthew Krohn (makrohn),Johannes Sjölund (wulax) ","OGA-BY 3.0,CC-BY-SA 3.0,GPL 3.0 ",https://opengameart.org/content/lpc-medieval-fantasy-character-sprites 
legs/armour/plate/male/slash.png,"reduced to 7 colors an adapted to v3 bases by bluecarrot16, climb/jump/sit/emote/run by JaidynReiman ","bluecarrot16,JaidynReiman,Michael Whitlock (bigbeargames),Matthew Krohn (makrohn),Johannes Sjölund (wulax) ","OGA-BY 3.0,CC-BY-SA 3.0,GPL 3.0 ",https://opengameart.org/content/lpc-medieval-fantasy-character-sprites 
legs/armour/plate/male/spellcast.png,"reduced to 7 colors an adapted to v3 bases by bluecarrot16, climb/jump/sit/emote/run by JaidynReiman ","bluecarrot16,JaidynReiman,Michael Whitlock (bigbeargames),Matthew Krohn (makrohn),Johannes Sjölund (wulax) ","OGA-BY 3.0,CC-BY-SA 3.0,GPL 3.0 ",https://opengameart.org/content/lpc-medieval-fantasy-character-sprites 
legs/armour/plate/male/thrust.png,"reduced to 7 colors an adapted to v3 bases by bluecarrot16, climb/jump/sit/emote/run by JaidynReiman ","bluecarrot16,JaidynReiman,Michael Whitlock (bigbeargames),Matthew Krohn (makrohn),Johannes Sjölund (wulax) ","OGA-BY 3.0,CC-BY-SA 3.0,GPL 3.0 ",https://opengameart.org/content/lpc-medieval-fantasy-character-sprites 
legs/armour/plate/male/walk.png,"reduced to 7 colors an adapted to v3 bases by bluecarrot16, climb/jump/sit/emote/run by JaidynReiman ","bluecarrot16,JaidynReiman,Michael Whitlock (bigbeargames),Matthew Krohn (makrohn),Johannes Sjölund (wulax) ","OGA-BY 3.0,CC-BY-SA 3.0,GPL 3.0 ",https://opengameart.org/content/lpc-medieval-fantasy-character-sprites 
legs/leggings/thin/hurt.png,"Original bases by Redshrike, thrust/shoot bases by Wulax, adapted from sara's leggings to v3 bases by bluecarrot16, jump/run/sit by JaidynReiman based on ElizaWy's and modified to match ","bluecarrot16,ElizaWy,JaidynReiman,Mandi Paugh,William.Thompsonj,Johannes Sjölund (wulax),Stephen Challener (Redshrike) ",OGA-BY 3.0 ,"http://opengameart.org/content/sara-wizard,https://opengameart.org/content/lpc-sara,https://opengameart.org/content/lpc-expanded-pants "
legs/leggings/thin/idle.png,"Original bases by Redshrike, thrust/shoot bases by Wulax, adapted from sara's leggings to v3 bases by bluecarrot16, jump/run/sit by JaidynReiman based on ElizaWy's and modified to match ","bluecarrot16,ElizaWy,JaidynReiman,Mandi Paugh,William.Thompsonj,Johannes Sjölund (wulax),Stephen Challener (Redshrike) ",OGA-BY 3.0 ,"http://opengameart.org/content/sara-wizard,https://opengameart.org/content/lpc-sara,https://opengameart.org/content/lpc-expanded-pants "
legs/leggings/thin/shoot.png,"Original bases by Redshrike, thrust/shoot bases by Wulax, adapted from sara's leggings to v3 bases by bluecarrot16, jump/run/sit by JaidynReiman based on ElizaWy's and modified to match ","bluecarrot16,ElizaWy,JaidynReiman,Mandi Paugh,William.Thompsonj,Johannes Sjölund (wulax),Stephen Challener (Redshrike) ",OGA-BY 3.0 ,"http://opengameart.org/content/sara-wizard,https://opengameart.org/content/lpc-sara,https://opengameart.org/content/lpc-expanded-pants "
legs/leggings/thin/slash.png,"Original bases by Redshrike, thrust/shoot bases by Wulax, adapted from sara's leggings to v3 bases by bluecarrot16, jump/run/sit by JaidynReiman based on ElizaWy's and modified to match ","bluecarrot16,ElizaWy,JaidynReiman,Mandi Paugh,William.Thompsonj,Johannes Sjölund (wulax),Stephen Challener (Redshrike) ",OGA-BY 3.0 ,"http://opengameart.org/content/sara-wizard,https://opengameart.org/content/lpc-sara,https://opengameart.org/content/lpc-expanded-pants "
legs/leggings/thin/spellcast.png,"Original bases by Redshrike, thrust/shoot bases by Wulax, adapted from sara's leggings to v3 bases by bluecarrot16, jump/run/sit by JaidynReiman based on ElizaWy's and modified to match ","bluecarrot16,ElizaWy,JaidynReiman,Mandi Paugh,William.Thompsonj,Johannes Sjölund (wulax),Stephen Challener (Redshrike) ",OGA-BY 3.0 ,"http://opengameart.org/content/sara-wizard,https://opengameart.org/content/lpc-sara,https://opengameart.org/content/lpc-expanded-pants "
legs/leggings/thin/thrust.png,"Original bases by Redshrike, thrust/shoot bases by Wulax, adapted from sara's leggings to v3 bases by bluecarrot16, jump/run/sit by JaidynReiman based on ElizaWy's and modified to match ","bluecarrot16,ElizaWy,JaidynReiman,Mandi Paugh,William.Thompsonj,Johannes Sjölund (wulax),Stephen Challener (Redshrike) ",OGA-BY 3.0 ,"http://opengameart.org/content/sara-wizard,https://opengameart.org/content/lpc-sara,https://opengameart.org/content/lpc-expanded-pants "
legs/leggings/thin/walk.png,"Original bases by Redshrike, thrust/shoot bases by Wulax, adapted from sara's leggings to v3 bases by bluecarrot16, jump/run/sit by JaidynReiman based on ElizaWy's and modified to match ","bluecarrot16,ElizaWy,JaidynReiman,Mandi Paugh,William.Thompsonj,Johannes Sjölund (wulax),Stephen Challener (Redshrike) ",OGA-BY 3.0 ,"http://opengameart.org/content/sara-wizard,https://opengameart.org/content/lpc-sara,https://opengameart.org/content/lpc-expanded-pants "
legs/pants/male/hurt.png,"original male pants by wulax, recolors and edits to v3 base by bluecarrot16, climb/jump/run/sit/emotes/revised combat by JaidynReiman based on ElizaWy's LPC Revised ","bluecarrot16,JaidynReiman,ElizaWy,Matthew Krohn (makrohn),Johannes Sjölund (wulax),Stephen Challener (Redshrike) ","OGA-BY 3.0,GPL 3.0,CC-BY-SA 3.0 ","https://opengameart.org/content/liberated-pixel-cup-lpc-base-assets-sprites-map-tiles,https://opengameart.org/content/lpc-medieval-fantasy-character-sprites,https://opengameart.org/content/lpc-expanded-pants "
legs/pants/male/idle.png,"original male pants by wulax, recolors and edits to v3 base by bluecarrot16, climb/jump/run/sit/emotes/revised combat by JaidynReiman based on ElizaWy's LPC Revised ","bluecarrot16,JaidynReiman,ElizaWy,Matthew Krohn (makrohn),Johannes Sjölund (wulax),Stephen Challener (Redshrike) ","OGA-BY 3.0,GPL 3.0,CC-BY-SA 3.0 ","https://opengameart.org/content/liberated-pixel-cup-lpc-base-assets-sprites-map-tiles,https://opengameart.org/content/lpc-medieval-fantasy-character-sprites,https://opengameart.org/content/lpc-expanded-pants "
legs/pants/male/shoot.png,"original male pants by wulax, recolors and edits to v3 base by bluecarrot16, climb/jump/run/sit/emotes/revised combat by JaidynReiman based on ElizaWy's LPC Revised ","bluecarrot16,JaidynReiman,ElizaWy,Matthew Krohn (makrohn),Johannes Sjölund (wulax),Stephen Challener (Redshrike) ","OGA-BY 3.0,GPL 3.0,CC-BY-SA 3.0 ","https://opengameart.org/content/liberated-pixel-cup-lpc-base-assets-sprites-map-tiles,https://opengameart.org/content/lpc-medieval-fantasy-character-sprites,https://opengameart.org/content/lpc-expanded-pants "
legs/pants/male/slash.png,"original male pants by wulax, recolors and edits to v3 base by bluecarrot16, climb/jump/run/sit/emotes/revised combat by JaidynReiman based on ElizaWy's LPC Revised ","bluecarrot16,JaidynReiman,ElizaWy,Matthew Krohn (makrohn),Johannes Sjölund (wulax),Stephen Challener (Redshrike) ","OGA-BY 3.0,GPL 3.0,CC-BY-SA 3.0 ","https://opengameart.org/content/liberated-pixel-cup-lpc-base-assets-sprites-map-tiles,https://opengameart.org/content/lpc-medieval-fantasy-character-sprites,https://opengameart.org/content/lpc-expanded-pants "
legs/pants/male/spellcast.png,"original male pants by wulax, recolors and edits to v3 base by bluecarrot16, climb/jump/run/sit/emotes/revised combat by JaidynReiman based on ElizaWy's LPC Revised ","bluecarrot16,JaidynReiman,ElizaWy,Matthew Krohn (makrohn),Johannes Sjölund (wulax),Stephen Challener (Redshrike) ","OGA-BY 3.0,GPL 3.0,CC-BY-SA 3.0 ","https://opengameart.org/content/liberated-pixel-cup-lpc-base-assets-sprites-map-tiles,https://opengameart.org/content/lpc-medieval-fantasy-character-sprites,https://opengameart.org/content/lpc-expanded-pants "
legs/pants/male/thrust.png,"original male pants by wulax, recolors and edits to v3 base by bluecarrot16, climb/jump/run/sit/emotes/revised combat by JaidynReiman based on ElizaWy's LPC Revised ","bluecarrot16,JaidynReiman,ElizaWy,Matthew Krohn (makrohn),Johannes Sjölund (wulax),Stephen Challener (Redshrike) ","OGA-BY 3.0,GPL 3.0,CC-BY-SA 3.0 ","https://opengameart.org/content/liberated-pixel-cup-lpc-base-assets-sprites-map-tiles,https://opengameart.org/content/lpc-medieval-fantasy-character-sprites,https://opengameart.org/content/lpc-expanded-pants "
legs/pants/male/walk.png,"original male pants by wulax, recolors and edits to v3 base by bluecarrot16, climb/jump/run/sit/emotes/revised combat by JaidynReiman based on ElizaWy's LPC Revised ","bluecarrot16,JaidynReiman,ElizaWy,Matthew Krohn (makrohn),Johannes Sjölund (wulax),Stephen Challener (Redshrike) ","OGA-BY 3.0,GPL 3.0,CC-BY-SA 3.0 ","https://opengameart.org/content/liberated-pixel-cup-lpc-base-assets-sprites-map-tiles,https://opengameart.org/content/lpc-medieval-fantasy-character-sprites,https://opengameart.org/content/lpc-expanded-pants "
legs/pants/thin/hurt.png,"original male pants by wulax, edited for female by Joe White, recolors and edits to v3 base by bluecarrot16, teen legs by ElizaWy derived from base, climb/jump/run/sit/emotes/revised combat by JaidynReiman based on ElizaWy's LPC Revised ","bluecarrot16,JaidynReiman,ElizaWy,Joe White,Matthew Krohn (makrohn),Johannes Sjölund (wulax),Stephen Challener (Redshrike) ","OGA-BY 3.0,GPL 3.0,CC-BY-SA 3.0 ","https://opengameart.org/content/liberated-pixel-cup-lpc-base-assets-sprites-map-tiles,https://opengameart.org/content/lpc-medieval-fantasy-character-sprites,http://opengameart.org/content/lpc-clothing-updates,https://opengameart.org/content/lpc-expanded-pants "
legs/pants/thin/idle.png,"original male pants by wulax, edited for female by Joe White, recolors and edits to v3 base by bluecarrot16, teen legs by ElizaWy derived from base, climb/jump/run/sit/emotes/revised combat by JaidynReiman based on ElizaWy's LPC Revised ","bluecarrot16,JaidynReiman,ElizaWy,Joe White,Matthew Krohn (makrohn),Johannes Sjölund (wulax),Stephen Challener (Redshrike) ","OGA-BY 3.0,GPL 3.0,CC-BY-SA 3.0 ","https://opengameart.org/content/liberated-pixel-cup-lpc-base-assets-sprites-map-tiles,https://opengameart.org/content/lpc-medieval-fantasy-character-sprites,http://opengameart.org/content/lpc-clothing-updates,https://opengameart.org/content/lpc-expanded-pants "
legs/pants/thin/shoot.png,"original male pants by wulax, edited for female by Joe White, recolors and edits to v3 base by bluecarrot16, teen legs by ElizaWy derived from base, climb/jump/run/sit/emotes/revised combat by JaidynReiman based on ElizaWy's LPC Revised ","bluecarrot16,JaidynReiman,ElizaWy,Joe White,Matthew Krohn (makrohn),Johannes Sjölund (wulax),Stephen Challener (Redshrike) ","OGA-BY 3.0,GPL 3.0,CC-BY-SA 3.0 ","https://opengameart.org/content/liberated-pixel-cup-lpc-base-assets-sprites-map-tiles,https://opengameart.org/content/lpc-medieval-fantasy-character-sprites,http://opengameart.org/content/lpc-clothing-updates,https://opengameart.org/content/lpc-expanded-pants "
legs/pants/thin/slash.png,"original male pants by wulax, edited for female by Joe White, recolors and edits to v3 base by bluecarrot16, teen legs by ElizaWy derived from base, climb/jump/run/sit/emotes/revised combat by JaidynReiman based on ElizaWy's LPC Revised ","bluecarrot16,JaidynReiman,ElizaWy,Joe White,Matthew Krohn (makrohn),Johannes Sjölund (wulax),Stephen Challener (Redshrike) ","OGA-BY 3.0,GPL 3.0,CC-BY-SA 3.0 ","https://opengameart.org/content/liberated-pixel-cup-lpc-base-assets-sprites-map-tiles,https://opengameart.org/content/lpc-medieval-fantasy-character-sprites,http://opengameart.org/content/lpc-clothing-updates,https://opengameart.org/content/lpc-expanded-pants "
legs/pants/thin/spellcast.png,"original male pants by wulax, edited for female by Joe White, recolors and edits to v3 base by bluecarrot16, teen legs by ElizaWy derived from base, climb/jump/run/sit/emotes/revised combat by JaidynReiman based on ElizaWy's LPC Revised ","bluecarrot16,JaidynReiman,ElizaWy,Joe White,Matthew Krohn (makrohn),Johannes Sjölund (wulax),Stephen Challener (Redshrike) ","OGA-BY 3.0,GPL 3.0,CC-BY-SA 3.0 ","https://opengameart.org/content/liberated-pixel-cup-lpc-base-assets-sprites-map-tiles,https://opengameart.org/content/lpc-medieval-fantasy-character-sprites,http://opengameart.org/content/lpc-clothing-updates,https://opengameart.org/content/lpc-expanded-pants "
legs/pants/thin/thrust.png,"original male pants by wulax, edited for female by Joe White, recolors and edits to v3 base by bluecarrot16, teen legs by ElizaWy derived from base, climb/jump/run/sit/emotes/revised combat by JaidynReiman based on ElizaWy's LPC Revised ","bluecarrot16,JaidynReiman,ElizaWy,Joe White,Matthew Krohn (makrohn),Johannes Sjölund (wulax),Stephen Challener (Redshrike) ","OGA-BY 3.0,GPL 3.0,CC-BY-SA 3.0 ","https://opengameart.org/content/liberated-pixel-cup-lpc-base-assets-sprites-map-tiles,https://opengameart.org/content/lpc-medieval-fantasy-character-sprites,http://opengameart.org/content/lpc-clothing-updates,https://opengameart.org/content/lpc-expanded-pants "
legs/pants/thin/walk.png,"original male pants by wulax, edited for female by Joe White, recolors and edits to v3 base by bluecarrot16, teen legs by ElizaWy derived from base, climb/jump/run/sit/emotes/revised combat by JaidynReiman based on ElizaWy's LPC Revised ","bluecarrot16,JaidynReiman,ElizaWy,Joe White,Matthew Krohn (makrohn),Johannes Sjölund (wulax),Stephen Challener (Redshrike) ","OGA-BY 3.0,GPL 3.0,CC-BY-SA 3.0 ","https://opengameart.org/content/liberated-pixel-cup-lpc-base-assets-sprites-map-tiles,https://opengameart.org/content/lpc-medieval-fantasy-character-sprites,http://opengameart.org/content/lpc-clothing-updates,https://opengameart.org/content/lpc-expanded-pants "
legs/skirts/plain/thin/hurt.png,"original by wulax, edited for female base by pvigier, edited for v3 base by bluecarrot16, idle & sit by Ahmad3366, color reduced & female sit/emote by JaidynReiman ","bluecarrot16,Pierre Vigier (pvigier),Johannes Sjölund (wulax),Ahmad3366,JaidynReiman ","OGA-BY 3.0,CC-BY-SA 3.0,GPL 3.0 ",https://opengameart.org/content/lpc-medieval-fantasy-character-sprites 
legs/skirts/plain/thin/idle.png,"original by wulax, edited for female base by pvigier, edited for v3 base by bluecarrot16, idle & sit by Ahmad3366, color reduced & female sit/emote by JaidynReiman ","bluecarrot16,Pierre Vigier (pvigier),Johannes Sjölund (wulax),Ahmad3366,JaidynReiman ","OGA-BY 3.0,CC-BY-SA 3.0,GPL 3.0 ",https://opengameart.org/content/lpc-medieval-fantasy-character-sprites 
legs/skirts/plain/thin/shoot.png,"original by wulax, edited for female base by pvigier, edited for v3 base by bluecarrot16, idle & sit by Ahmad3366, color reduced & female sit/emote by JaidynReiman ","bluecarrot16,Pierre Vigier (pvigier),Johannes Sjölund (wulax),Ahmad3366,JaidynReiman ","OGA-BY 3.0,CC-BY-SA 3.0,GPL 3.0 ",https://opengameart.org/content/lpc-medieval-fantasy-character-sprites 
legs/skirts/plain/thin/slash.png,"original by wulax, edited for female base by pvigier, edited for v3 base by bluecarrot16, idle & sit by Ahmad3366, color reduced & female sit/emote by JaidynReiman ","bluecarrot16,Pierre Vigier (pvigier),Johannes Sjölund (wulax),Ahmad3366,JaidynReiman ","OGA-BY 3.0,CC-BY-SA 3.0,GPL 3.0 ",https://opengameart.org/content/lpc-medieval-fantasy-character-sprites 
legs/skirts/plain/thin/spellcast.png,"original by wulax, edited for female base by pvigier, edited for v3 base by bluecarrot16, idle & sit by Ahmad3366, color reduced & female sit/emote by JaidynReiman ","bluecarrot16,Pierre Vigier (pvigier),Johannes Sjölund (wulax),Ahmad3366,JaidynReiman ","OGA-BY 3.0,CC-BY-SA 3.0,GPL 3.0 ",https://opengameart.org/content/lpc-medieval-fantasy-character-sprites 
legs/skirts/plain/thin/thrust.png,"original by wulax, edited for female base by pvigier, edited for v3 base by bluecarrot16, idle & sit by Ahmad3366, color reduced & female sit/emote by JaidynReiman ","bluecarrot16,Pierre Vigier (pvigier),Johannes Sjölund (wulax),Ahmad3366,JaidynReiman ","OGA-BY 3.0,CC-BY-SA 3.0,GPL 3.0 ",https://opengameart.org/content/lpc-medieval-fantasy-character-sprites 
legs/skirts/plain/thin/walk.png,"original by wulax, edited for female base by pvigier, edited for v3 base by bluecarrot16, idle & sit by Ahmad3366, color reduced & female sit/emote by JaidynReiman ","bluecarrot16,Pierre Vigier (pvigier),Johannes Sjölund (wulax),Ahmad3366,JaidynReiman ","OGA-BY 3.0,CC-BY-SA 3.0,GPL 3.0 ",https://opengameart.org/content/lpc-medieval-fantasy-character-sprites 
shield/heater/revised/trim/bg/idle.png, ,"bluecarrot16,Sander Frenken (castelonia),ElizaWy,JaidynReiman ",OGA-BY 3.0 ,https://opengameart.org/content/lpc-shields 
shield/heater/revised/trim/bg/shoot.png, ,"bluecarrot16,Sander Frenken (castelonia),ElizaWy,JaidynReiman ",OGA-BY 3.0 ,https://opengameart.org/content/lpc-shields 
shield/heater/revised/trim/bg/spellcast.png, ,"bluecarrot16,Sander Frenken (castelonia),ElizaWy,JaidynReiman ",OGA-BY 3.0 ,https://opengameart.org/content/lpc-shields 
shield/heater/revised/trim/bg/walk.png, ,"bluecarrot16,Sander Frenken (castelonia),ElizaWy,JaidynReiman ",OGA-BY 3.0 ,https://opengameart.org/content/lpc-shields 
shield/heater/revised/trim/fg/hurt.png, ,"bluecarrot16,Sander Frenken (castelonia),ElizaWy,JaidynReiman ",OGA-BY 3.0 ,https://opengameart.org/content/lpc-shields 
shield/heater/revised/trim/fg/idle.png, ,"bluecarrot16,Sander Frenken (castelonia),ElizaWy,JaidynReiman ",OGA-BY 3.0 ,https://opengameart.org/content/lpc-shields 
shield/heater/revised/trim/fg/shoot.png, ,"bluecarrot16,Sander Frenken (castelonia),ElizaWy,JaidynReiman ",OGA-BY 3.0 ,https://opengameart.org/content/lpc-shields 
shield/heater/revised/trim/fg/slash.png, ,"bluecarrot16,Sander Frenken (castelonia),ElizaWy,JaidynReiman ",OGA-BY 3.0 ,https://opengameart.org/content/lpc-shields 
shield/heater/revised/trim/fg/spellcast.png, ,"bluecarrot16,Sander Frenken (castelonia),ElizaWy,JaidynReiman ",OGA-BY 3.0 ,https://opengameart.org/content/lpc-shields 
shield/heater/revised/trim/fg/thrust.png, ,"bluecarrot16,Sander Frenken (castelonia),ElizaWy,JaidynReiman ",OGA-BY 3.0 ,https://opengameart.org/content/lpc-shields 
shield/heater/revised/trim/fg/walk.png, ,"bluecarrot16,Sander Frenken (castelonia),ElizaWy,JaidynReiman ",OGA-BY 3.0 ,https://opengameart.org/content/lpc-shields 
shoulders/pauldrons/male/hurt.png,"adapted to female base by makrohn, adapted to v3 bases by bluecarrot16, climb/jump/sit/emote/run/revised combat by JaidynReiman ","Matthew Krohn (makrohn),Johannes Sjölund (wulax),bluecarrot16,JaidynReiman ","OGA-BY 3.0,CC-BY-SA 3.0,GPL 3.0 ","https://opengameart.org/content/lpc-medieval-fantasy-character-sprites,http://opengameart.org/content/lpc-clothing-updates "
shoulders/pauldrons/male/idle.png,"adapted to female base by makrohn, adapted to v3 bases by bluecarrot16, climb/jump/sit/emote/run/revised combat by JaidynReiman ","Matthew Krohn (makrohn),Johannes Sjölund (wulax),bluecarrot16,JaidynReiman ","OGA-BY 3.0,CC-BY-SA 3.0,GPL 3.0 ","https://opengameart.org/content/lpc-medieval-fantasy-character-sprites,http://opengameart.org/content/lpc-clothing-updates "
shoulders/pauldrons/male/shoot.png,"adapted to female base by makrohn, adapted to v3 bases by bluecarrot16, climb/jump/sit/emote/run/revised combat by JaidynReiman ","Matthew Krohn (makrohn),Johannes Sjölund (wulax),bluecarrot16,JaidynReiman ","OGA-BY 3.0,CC-BY-SA 3.0,GPL 3.0 ","https://opengameart.org/content/lpc-medieval-fantasy-character-sprites,http://opengameart.org/content/lpc-clothing-updates "
shoulders/pauldrons/male/slash.png,"adapted to female base by makrohn, adapted to v3 bases by bluecarrot16, climb/jump/sit/emote/run/revised combat by JaidynReiman ","Matthew Krohn (makrohn),Johannes Sjölund (wulax),bluecarrot16,JaidynReiman ","OGA-BY 3.0,CC-BY-SA 3.0,GPL 3.0 ","https://opengameart.org/content/lpc-medieval-fantasy-character-sprites,http://opengameart.org/content/lpc-clothing-updates "
shoulders/pauldrons/male/spellcast.png,"adapted to female base by makrohn, adapted to v3 bases by bluecarrot16, climb/jump/sit/emote/run/revised combat by JaidynReiman ","Matthew Krohn (makrohn),Johannes Sjölund (wulax),bluecarrot16,JaidynReiman ","OGA-BY 3.0,CC-BY-SA 3.0,GPL 3.0 ","https://opengameart.org/content/lpc-medieval-fantasy-character-sprites,http://opengameart.org/content/lpc-clothing-updates "
shoulders/pauldrons/male/thrust.png,"adapted to female base by makrohn, adapted to v3 bases by bluecarrot16, climb/jump/sit/emote/run/revised combat by JaidynReiman ","Matthew Krohn (makrohn),Johannes Sjölund (wulax),bluecarrot16,JaidynReiman ","OGA-BY 3.0,CC-BY-SA 3.0,GPL 3.0 ","https://opengameart.org/content/lpc-medieval-fantasy-character-sprites,http://opengameart.org/content/lpc-clothing-updates "
shoulders/pauldrons/male/walk.png,"adapted to female base by makrohn, adapted to v3 bases by bluecarrot16, climb/jump/sit/emote/run/revised combat by JaidynReiman ","Matthew Krohn (makrohn),Johannes Sjölund (wulax),bluecarrot16,JaidynReiman ","OGA-BY 3.0,CC-BY-SA 3.0,GPL 3.0 ","https://opengameart.org/content/lpc-medieval-fantasy-character-sprites,http://opengameart.org/content/lpc-clothing-updates "
torso/aprons/apron/female/hurt.png, ,Nila122 ,"OGA-BY 3.0,CC-BY-SA 3.0,GPL 2.0,GPL 3.0 ",https://opengameart.org/content/lpc-aprons 
torso/aprons/apron/female/shoot.png, ,Nila122 ,"OGA-BY 3.0,CC-BY-SA 3.0,GPL 2.0,GPL 3.0 ",https://opengameart.org/content/lpc-aprons 
torso/aprons/apron/female/slash.png, ,Nila122 ,"OGA-BY 3.0,CC-BY-SA 3.0,GPL 2.0,GPL 3.0 ",https://opengameart.org/content/lpc-aprons 
torso/aprons/apron/female/spellcast.png, ,Nila122 ,"OGA-BY 3.0,CC-BY-SA 3.0,GPL 2.0,GPL 3.0 ",https://opengameart.org/content/lpc-aprons 
torso/aprons/apron/female/thrust.png, ,Nila122 ,"OGA-BY 3.0,CC-BY-SA 3.0,GPL 2.0,GPL 3.0 ",https://opengameart.org/content/lpc-aprons 
torso/aprons/apron/female/walk.png, ,Nila122 ,"OGA-BY 3.0,CC-BY-SA 3.0,GPL 2.0,GPL 3.0 ",https://opengameart.org/content/lpc-aprons 
torso/aprons/apron/male/hurt.png, ,Nila122 ,"OGA-BY 3.0,CC-BY-SA 3.0,GPL 2.0,GPL 3.0 ",https://opengameart.org/content/lpc-aprons 
torso/aprons/apron/male/shoot.png, ,Nila122 ,"OGA-BY 3.0,CC-BY-SA 3.0,GPL 2.0,GPL 3.0 ",https://opengameart.org/content/lpc-aprons 
torso/aprons/apron/male/slash.png, ,Nila122 ,"OGA-BY 3.0,CC-BY-SA 3.0,GPL 2.0,GPL 3.0 ",https://opengameart.org/content/lpc-aprons 
torso/aprons/apron/male/spellcast.png, ,Nila122 ,"OGA-BY 3.0,CC-BY-SA 3.0,GPL 2.0,GPL 3.0 ",https://opengameart.org/content/lpc-aprons 
torso/aprons/apron/male/thrust.png, ,Nila122 ,"OGA-BY 3.0,CC-BY-SA 3.0,GPL 2.0,GPL 3.0 ",https://opengameart.org/content/lpc-aprons 
torso/aprons/apron/male/walk.png, ,Nila122 ,"OGA-BY 3.0,CC-BY-SA 3.0,GPL 2.0,GPL 3.0 ",https://opengameart.org/content/lpc-aprons 
torso/armour/leather/female/hurt.png,"recolor of torso/armour/leather/female/brown.png, adapted to v3 bases by bluecarrot16, reduced colors and climb/emote/jump by JaidynReiman ","Michael Whitlock (bigbeargames),Matthew Krohn (makrohn),Johannes Sjölund (wulax),bluecarrot16,JaidynReiman ","OGA-BY 3.0,CC-BY-SA 3.0,GPL 3.0 ","https://opengameart.org/content/lpc-medieval-fantasy-character-sprites,https://opengameart.org/content/lpc-combat-armor-for-women,https://opengameart.org/content/lpc-clothing-updates,https://opengameart.org/content/lpc-expanded-armor "
torso/armour/leather/female/idle.png,"recolor of torso/armour/leather/female/brown.png, adapted to v3 bases by bluecarrot16, reduced colors and climb/emote/jump by JaidynReiman ","Michael Whitlock (bigbeargames),Matthew Krohn (makrohn),Johannes Sjölund (wulax),bluecarrot16,JaidynReiman ","OGA-BY 3.0,CC-BY-SA 3.0,GPL 3.0 ","https://opengameart.org/content/lpc-medieval-fantasy-character-sprites,https://opengameart.org/content/lpc-combat-armor-for-women,https://opengameart.org/content/lpc-clothing-updates,https://opengameart.org/content/lpc-expanded-armor "
torso/armour/leather/female/shoot.png,"recolor of torso/armour/leather/female/brown.png, adapted to v3 bases by bluecarrot16, reduced colors and climb/emote/jump by JaidynReiman ","Michael Whitlock (bigbeargames),Matthew Krohn (makrohn),Johannes Sjölund (wulax),bluecarrot16,JaidynReiman ","OGA-BY 3.0,CC-BY-SA 3.0,GPL 3.0 ","https://opengameart.org/content/lpc-medieval-fantasy-character-sprites,https://opengameart.org/content/lpc-combat-armor-for-women,https://opengameart.org/content/lpc-clothing-updates,https://opengameart.org/content/lpc-expanded-armor "
torso/armour/leather/female/slash.png,"recolor of torso/armour/leather/female/brown.png, adapted to v3 bases by bluecarrot16, reduced colors and climb/emote/jump by JaidynReiman ","Michael Whitlock (bigbeargames),Matthew Krohn (makrohn),Johannes Sjölund (wulax),bluecarrot16,JaidynReiman ","OGA-BY 3.0,CC-BY-SA 3.0,GPL 3.0 ","https://opengameart.org/content/lpc-medieval-fantasy-character-sprites,https://opengameart.org/content/lpc-combat-armor-for-women,https://opengameart.org/content/lpc-clothing-updates,https://opengameart.org/content/lpc-expanded-armor "
torso/armour/leather/female/spellcast.png,"recolor of torso/armour/leather/female/brown.png, adapted to v3 bases by bluecarrot16, reduced colors and climb/emote/jump by JaidynReiman ","Michael Whitlock (bigbeargames),Matthew Krohn (makrohn),Johannes Sjölund (wulax),bluecarrot16,JaidynReiman ","OGA-BY 3.0,CC-BY-SA 3.0,GPL 3.0 ","https://opengameart.org/content/lpc-medieval-fantasy-character-sprites,https://opengameart.org/content/lpc-combat-armor-for-women,https://opengameart.org/content/lpc-clothing-updates,https://opengameart.org/content/lpc-expanded-armor "
torso/armour/leather/female/thrust.png,"recolor of torso/armour/leather/female/brown.png, adapted to v3 bases by bluecarrot16, reduced colors and climb/emote/jump by JaidynReiman ","Michael Whitlock (bigbeargames),Matthew Krohn (makrohn),Johannes Sjölund (wulax),bluecarrot16,JaidynReiman ","OGA-BY 3.0,CC-BY-SA 3.0,GPL 3.0 ","https://opengameart.org/content/lpc-medieval-fantasy-character-sprites,https://opengameart.org/content/lpc-combat-armor-for-women,https://opengameart.org/content/lpc-clothing-updates,https://opengameart.org/content/lpc-expanded-armor "
torso/armour/leather/female/walk.png,"recolor of torso/armour/leather/female/brown.png, adapted to v3 bases by bluecarrot16, reduced colors and climb/emote/jump by JaidynReiman ","Michael Whitlock (bigbeargames),Matthew Krohn (makrohn),Johannes Sjölund (wulax),bluecarrot16,JaidynReiman ","OGA-BY 3.0,CC-BY-SA 3.0,GPL 3.0 ","https://opengameart.org/content/lpc-medieval-fantasy-character-sprites,https://opengameart.org/content/lpc-combat-armor-for-women,https://opengameart.org/content/lpc-clothing-updates,https://opengameart.org/content/lpc-expanded-armor "
torso/armour/leather/male/hurt.png,"adapted to v3 bases by bluecarrot16, reduced colors and climb/emote/jump by JaidynReiman ","Johannes Sjölund (wulax),bluecarrot16,JaidynReiman ","OGA-BY 3.0,CC-BY-SA 3.0,GPL 3.0 ","https://opengameart.org/content/lpc-medieval-fantasy-character-sprites,https://opengameart.org/content/lpc-clothing-updates,https://opengameart.org/content/lpc-expanded-armor "
torso/armour/leather/male/idle.png,"adapted to v3 bases by bluecarrot16, reduced colors and climb/emote/jump by JaidynReiman ","Johannes Sjölund (wulax),bluecarrot16,JaidynReiman ","OGA-BY 3.0,CC-BY-SA 3.0,GPL 3.0 ","https://opengameart.org/content/lpc-medieval-fantasy-character-sprites,https://opengameart.org/content/lpc-clothing-updates,https://opengameart.org/content/lpc-expanded-armor "
torso/armour/leather/male/shoot.png,"adapted to v3 bases by bluecarrot16, reduced colors and climb/emote/jump by JaidynReiman ","Johannes Sjölund (wulax),bluecarrot16,JaidynReiman ","OGA-BY 3.0,CC-BY-SA 3.0,GPL 3.0 ","https://opengameart.org/content/lpc-medieval-fantasy-character-sprites,https://opengameart.org/content/lpc-clothing-updates,https://opengameart.org/content/lpc-expanded-armor "
torso/armour/leather/male/slash.png,"adapted to v3 bases by bluecarrot16, reduced colors and climb/emote/jump by JaidynReiman ","Johannes Sjölund (wulax),bluecarrot16,JaidynReiman ","OGA-BY 3.0,CC-BY-SA 3.0,GPL 3.0 ","https://opengameart.org/content/lpc-medieval-fantasy-character-sprites,https://opengameart.org/content/lpc-clothing-updates,https://opengameart.org/content/lpc-expanded-armor "
torso/armour/leather/male/spellcast.png,"adapted to v3 bases by bluecarrot16, reduced colors and climb/emote/jump by JaidynReiman ","Johannes Sjölund (wulax),bluecarrot16,JaidynReiman ","OGA-BY 3.0,CC-BY-SA 3.0,GPL 3.0 ","https://opengameart.org/content/lpc-medieval-fantasy-character-sprites,https://opengameart.org/content/lpc-clothing-updates,https://opengameart.org/content/lpc-expanded-armor "
torso/armour/leather/male/thrust.png,"adapted to v3 bases by bluecarrot16, reduced colors and climb/emote/jump by JaidynReiman ","Johannes Sjölund (wulax),bluecarrot16,JaidynReiman ","OGA-BY 3.0,CC-BY-SA 3.0,GPL 3.0 ","https://opengameart.org/content/lpc-medieval-fantasy-character-sprites,https://opengameart.org/content/lpc-clothing-updates,https://opengameart.org/content/lpc-expanded-armor "
torso/armour/leather/male/walk.png,"adapted to v3 bases by bluecarrot16, reduced colors and climb/emote/jump by JaidynReiman ","Johannes Sjölund (wulax),bluecarrot16,JaidynReiman ","OGA-BY 3.0,CC-BY-SA 3.0,GPL 3.0 ","https://opengameart.org/content/lpc-medieval-fantasy-character-sprites,https://opengameart.org/content/lpc-clothing-updates,https://opengameart.org/content/lpc-expanded-armor "
torso/armour/plate/male/hurt.png,"original by wulax, recolor by bigbeargames, color reduced to 7 colors and adapted to v3 bases by bluecarrot16, run/jump/sit/climb/revised combat by JaidynReiman, reduced colors to 6 (based on Napsio's Vitruvian) ","Napsio (Vitruvian Studio),JaidynReiman,bluecarrot16,Michael Whitlock (bigbeargames),Johannes Sjölund (wulax) ","OGA-BY 3.0,CC-BY-SA 3.0,GPL 3.0 ","https://opengameart.org/content/lpc-medieval-fantasy-character-sprites,https://opengameart.org/content/lpc-combat-armor-for-women "
torso/armour/plate/male/idle.png,"original by wulax, recolor by bigbeargames, color reduced to 7 colors and adapted to v3 bases by bluecarrot16, run/jump/sit/climb/revised combat by JaidynReiman, reduced colors to 6 (based on Napsio's Vitruvian) ","Napsio (Vitruvian Studio),JaidynReiman,bluecarrot16,Michael Whitlock (bigbeargames),Johannes Sjölund (wulax) ","OGA-BY 3.0,CC-BY-SA 3.0,GPL 3.0 ","https://opengameart.org/content/lpc-medieval-fantasy-character-sprites,https://opengameart.org/content/lpc-combat-armor-for-women "
torso/armour/plate/male/shoot.png,"original by wulax, recolor by bigbeargames, color reduced to 7 colors and adapted to v3 bases by bluecarrot16, run/jump/sit/climb/revised combat by JaidynReiman, reduced colors to 6 (based on Napsio's Vitruvian) ","Napsio (Vitruvian Studio),JaidynReiman,bluecarrot16,Michael Whitlock (bigbeargames),Johannes Sjölund (wulax) ","OGA-BY 3.0,CC-BY-SA 3.0,GPL 3.0 ","https://opengameart.org/content/lpc-medieval-fantasy-character-sprites,https://opengameart.org/content/lpc-combat-armor-for-women "
torso/armour/plate/male/slash.png,"original by wulax, recolor by bigbeargames, color reduced to 7 colors and adapted to v3 bases by bluecarrot16, run/jump/sit/climb/revised combat by JaidynReiman, reduced colors to 6 (based on Napsio's Vitruvian) ","Napsio (Vitruvian Studio),JaidynReiman,bluecarrot16,Michael Whitlock (bigbeargames),Johannes Sjölund (wulax) ","OGA-BY 3.0,CC-BY-SA 3.0,GPL 3.0 ","https://opengameart.org/content/lpc-medieval-fantasy-character-sprites,https://opengameart.org/content/lpc-combat-armor-for-women "
torso/armour/plate/male/spellcast.png,"original by wulax, recolor by bigbeargames, color reduced to 7 colors and adapted to v3 bases by bluecarrot16, run/jump/sit/climb/revised combat by JaidynReiman, reduced colors to 6 (based on Napsio's Vitruvian) ","Napsio (Vitruvian Studio),JaidynReiman,bluecarrot16,Michael Whitlock (bigbeargames),Johannes Sjölund (wulax) ","OGA-BY 3.0,CC-BY-SA 3.0,GPL 3.0 ","https://opengameart.org/content/lpc-medieval-fantasy-character-sprites,https://opengameart.org/content/lpc-combat-armor-for-women "
torso/armour/plate/male/thrust.png,"original by wulax, recolor by bigbeargames, color reduced to 7 colors and adapted to v3 bases by bluecarrot16, run/jump/sit/climb/revised combat by JaidynReiman, reduced colors to 6 (based on Napsio's Vitruvian) ","Napsio (Vitruvian Studio),JaidynReiman,bluecarrot16,Michael Whitlock (bigbeargames),Johannes Sjölund (wulax) ","OGA-BY 3.0,CC-BY-SA 3.0,GPL 3.0 ","https://opengameart.org/content/lpc-medieval-fantasy-character-sprites,https://opengameart.org/content/lpc-combat-armor-for-women "
torso/armour/plate/male/walk.png,"original by wulax, recolor by bigbeargames, color reduced to 7 colors and adapted to v3 bases by bluecarrot16, run/jump/sit/climb/revised combat by JaidynReiman, reduced colors to 6 (based on Napsio's Vitruvian) ","Napsio (Vitruvian Studio),JaidynReiman,bluecarrot16,Michael Whitlock (bigbeargames),Johannes Sjölund (wulax) ","OGA-BY 3.0,CC-BY-SA 3.0,GPL 3.0 ","https://opengameart.org/content/lpc-medieval-fantasy-character-sprites,https://opengameart.org/content/lpc-combat-armor-for-women "
torso/chainmail/female/hurt.png,"minor edits by bluecarrot16, reduced colors by Napsio, adjusted Male colors and Idle/Sit/Emote/Climb/Run by JaidynReiman ","Johannes Sjölund (wulax),Napsio (Vitruvian Studio),JaidynReiman ","OGA-BY 3.0,CC-BY-SA 3.0,GPL 3.0 ",https://opengameart.org/content/lpc-medieval-fantasy-character-sprites 
torso/chainmail/female/idle.png,"minor edits by bluecarrot16, reduced colors by Napsio, adjusted Male colors and Idle/Sit/Emote/Climb/Run by JaidynReiman ","Johannes Sjölund (wulax),Napsio (Vitruvian Studio),JaidynReiman ","OGA-BY 3.0,CC-BY-SA 3.0,GPL 3.0 ",https://opengameart.org/content/lpc-medieval-fantasy-character-sprites 
torso/chainmail/female/shoot.png,"minor edits by bluecarrot16, reduced colors by Napsio, adjusted Male colors and Idle/Sit/Emote/Climb/Run by JaidynReiman ","Johannes Sjölund (wulax),Napsio (Vitruvian Studio),JaidynReiman ","OGA-BY 3.0,CC-BY-SA 3.0,GPL 3.0 ",https://opengameart.org/content/lpc-medieval-fantasy-character-sprites 
torso/chainmail/female/slash.png,"minor edits by bluecarrot16, reduced colors by Napsio, adjusted Male colors and Idle/Sit/Emote/Climb/Run by JaidynReiman ","Johannes Sjölund (wulax),Napsio (Vitruvian Studio),JaidynReiman ","OGA-BY 3.0,CC-BY-SA 3.0,GPL 3.0 ",https://opengameart.org/content/lpc-medieval-fantasy-character-sprites 
torso/chainmail/female/spellcast.png,"minor edits by bluecarrot16, reduced colors by Napsio, adjusted Male colors and Idle/Sit/Emote/Climb/Run by JaidynReiman ","Johannes Sjölund (wulax),Napsio (Vitruvian Studio),JaidynReiman ","OGA-BY 3.0,CC-BY-SA 3.0,GPL 3.0 ",https://opengameart.org/content/lpc-medieval-fantasy-character-sprites 
torso/chainmail/female/thrust.png,"minor edits by bluecarrot16, reduced colors by Napsio, adjusted Male colors and Idle/Sit/Emote/Climb/Run by JaidynReiman ","Johannes Sjölund (wulax),Napsio (Vitruvian Studio),JaidynReiman ","OGA-BY 3.0,CC-BY-SA 3.0,GPL 3.0 ",https://opengameart.org/content/lpc-medieval-fantasy-character-sprites 
torso/chainmail/female/walk.png,"minor edits by bluecarrot16, reduced colors by Napsio, adjusted Male colors and Idle/Sit/Emote/Climb/Run by JaidynReiman ","Johannes Sjölund (wulax),Napsio (Vitruvian Studio),JaidynReiman ","OGA-BY 3.0,CC-BY-SA 3.0,GPL 3.0 ",https://opengameart.org/content/lpc-medieval-fantasy-character-sprites 
torso/chainmail/male/hurt.png,"minor edits by bluecarrot16, reduced colors by Napsio, adjusted Male colors and Idle/Sit/Emote/Climb/Run by JaidynReiman ","Johannes Sjölund (wulax),Napsio (Vitruvian Studio),JaidynReiman ","OGA-BY 3.0,CC-BY-SA 3.0,GPL 3.0 ",https://opengameart.org/content/lpc-medieval-fantasy-character-sprites 
torso/chainmail/male/idle.png,"minor edits by bluecarrot16, reduced colors by Napsio, adjusted Male colors and Idle/Sit/Emote/Climb/Run by JaidynReiman ","Johannes Sjölund (wulax),Napsio (Vitruvian Studio),JaidynReiman ","OGA-BY 3.0,CC-BY-SA 3.0,GPL 3.0 ",https://opengameart.org/content/lpc-medieval-fantasy-character-sprites 
torso/chainmail/male/shoot.png,"minor edits by bluecarrot16, reduced colors by Napsio, adjusted Male colors and Idle/Sit/Emote/Climb/Run by JaidynReiman ","Johannes Sjölund (wulax),Napsio (Vitruvian Studio),JaidynReiman ","OGA-BY 3.0,CC-BY-SA 3.0,GPL 3.0 ",https://opengameart.org/content/lpc-medieval-fantasy-character-sprites 
torso/chainmail/male/slash.png,"minor edits by bluecarrot16, reduced colors by Napsio, adjusted Male colors and Idle/Sit/Emote/Climb/Run by JaidynReiman ","Johannes Sjölund (wulax),Napsio (Vitruvian Studio),JaidynReiman ","OGA-BY 3.0,CC-BY-SA 3.0,GPL 3.0 ",https://opengameart.org/content/lpc-medieval-fantasy-character-sprites 
torso/chainmail/male/spellcast.png,"minor edits by bluecarrot16, reduced colors by Napsio, adjusted Male colors and Idle/Sit/Emote/Climb/Run by JaidynReiman ","Johannes Sjölund (wulax),Napsio (Vitruvian Studio),JaidynReiman ","OGA-BY 3.0,CC-BY-SA 3.0,GPL 3.0 ",https://opengameart.org/content/lpc-medieval-fantasy-character-sprites 
torso/chainmail/male/thrust.png,"minor edits by bluecarrot16, reduced colors by Napsio, adjusted Male colors and Idle/Sit/Emote/Climb/Run by JaidynReiman ","Johannes Sjölund (wulax),Napsio (Vitruvian Studio),JaidynReiman ","OGA-BY 3.0,CC-BY-SA 3.0,GPL 3.0 ",https://opengameart.org/content/lpc-medieval-fantasy-character-sprites 
torso/chainmail/male/walk.png,"minor edits by bluecarrot16, reduced colors by Napsio, adjusted Male colors and Idle/Sit/Emote/Climb/Run by JaidynReiman ","Johannes Sjölund (wulax),Napsio (Vitruvian Studio),JaidynReiman ","OGA-BY 3.0,CC-BY-SA 3.0,GPL 3.0 ",https://opengameart.org/content/lpc-medieval-fantasy-character-sprites 
torso/clothes/blouse/female/hurt.png,"original princess.xcf by Sharm, edited to blouse by ElizaWy; adapted to v3 bases by bluecarrot16 ","bluecarrot16,ElizaWy,Lanea Zimmerman (Sharm) ","OGA-BY 3.0,CC-BY-SA 3.0,GPL 3.0 ","https://opengameart.org/content/liberated-pixel-cup-lpc-base-assets-sprites-map-tiles,https://opengameart.org/content/lpc-7-womens-shirts "
torso/clothes/blouse/female/shoot.png,"original princess.xcf by Sharm, edited to blouse by ElizaWy; adapted to v3 bases by bluecarrot16 ","bluecarrot16,ElizaWy,Lanea Zimmerman (Sharm) ","OGA-BY 3.0,CC-BY-SA 3.0,GPL 3.0 ","https://opengameart.org/content/liberated-pixel-cup-lpc-base-assets-sprites-map-tiles,https://opengameart.org/content/lpc-7-womens-shirts "
torso/clothes/blouse/female/slash.png,"original princess.xcf by Sharm, edited to blouse by ElizaWy; adapted to v3 bases by bluecarrot16 ","bluecarrot16,ElizaWy,Lanea Zimmerman (Sharm) ","OGA-BY 3.0,CC-BY-SA 3.0,GPL 3.0 ","https://opengameart.org/content/liberated-pixel-cup-lpc-base-assets-sprites-map-tiles,https://opengameart.org/content/lpc-7-womens-shirts "
torso/clothes/blouse/female/spellcast.png,"original princess.xcf by Sharm, edited to blouse by ElizaWy; adapted to v3 bases by bluecarrot16 ","bluecarrot16,ElizaWy,Lanea Zimmerman (Sharm) ","OGA-BY 3.0,CC-BY-SA 3.0,GPL 3.0 ","https://opengameart.org/content/liberated-pixel-cup-lpc-base-assets-sprites-map-tiles,https://opengameart.org/content/lpc-7-womens-shirts "
torso/clothes/blouse/female/thrust.png,"original princess.xcf by Sharm, edited to blouse by ElizaWy; adapted to v3 bases by bluecarrot16 ","bluecarrot16,ElizaWy,Lanea Zimmerman (Sharm) ","OGA-BY 3.0,CC-BY-SA 3.0,GPL 3.0 ","https://opengameart.org/content/liberated-pixel-cup-lpc-base-assets-sprites-map-tiles,https://opengameart.org/content/lpc-7-womens-shirts "
torso/clothes/blouse/female/walk.png,"original princess.xcf by Sharm, edited to blouse by ElizaWy; adapted to v3 bases by bluecarrot16 ","bluecarrot16,ElizaWy,Lanea Zimmerman (Sharm) ","OGA-BY 3.0,CC-BY-SA 3.0,GPL 3.0 ","https://opengameart.org/content/liberated-pixel-cup-lpc-base-assets-sprites-map-tiles,https://opengameart.org/content/lpc-7-womens-shirts "
torso/clothes/corset/female/hurt.png,"original by Nila122, recolored by ElizaWy ","ElizaWy,Nila122 ","OGA-SA 3.0,CC-BY-SA 3.0,GPL 3.0 ","https://opengameart.org/content/lpc-clothes-and-hair,https://opengameart.org/content/lpc-7-womens-shirts "
torso/clothes/corset/female/shoot.png,"original by Nila122, recolored by ElizaWy ","ElizaWy,Nila122 ","OGA-SA 3.0,CC-BY-SA 3.0,GPL 3.0 ","https://opengameart.org/content/lpc-clothes-and-hair,https://opengameart.org/content/lpc-7-womens-shirts "
torso/clothes/corset/female/slash.png,"original by Nila122, recolored by ElizaWy ","ElizaWy,Nila122 ","OGA-SA 3.0,CC-BY-SA 3.0,GPL 3.0 ","https://opengameart.org/content/lpc-clothes-and-hair,https://opengameart.org/content/lpc-7-womens-shirts "
torso/clothes/corset/female/spellcast.png,"original by Nila122, recolored by ElizaWy ","ElizaWy,Nila122 ","OGA-SA 3.0,CC-BY-SA 3.0,GPL 3.0 ","https://opengameart.org/content/lpc-clothes-and-hair,https://opengameart.org/content/lpc-7-womens-shirts "
torso/clothes/corset/female/thrust.png,"original by Nila122, recolored by ElizaWy ","ElizaWy,Nila122 ","OGA-SA 3.0,CC-BY-SA 3.0,GPL 3.0 ","https://opengameart.org/content/lpc-clothes-and-hair,https://opengameart.org/content/lpc-7-womens-shirts "
torso/clothes/corset/female/walk.png,"original by Nila122, recolored by ElizaWy ","ElizaWy,Nila122 ","OGA-SA 3.0,CC-BY-SA 3.0,GPL 3.0 ","https://opengameart.org/content/lpc-clothes-and-hair,https://opengameart.org/content/lpc-7-womens-shirts "
torso/clothes/longsleeve/longsleeve/male/hurt.png,original by wulax; tweaks and further recolors by bluecarrot16; cleanup and climb/jump/run/sit/emote/revised combat adapted from LPC Revised by JaidynReiman ,"JaidynReiman,Johannes Sjölund (wulax) ","OGA-BY 3.0,CC-BY-SA 3.0,GPL 3.0 ","https://opengameart.org/content/lpc-medieval-fantasy-character-sprites,http://opengameart.org/content/lpc-clothing-updates,https://opengameart.org/content/lpc-revised-character-basics,https://github.com/ElizaWy/LPC/tree/main/Characters/Clothing,https://opengameart.org/content/lpc-expanded-sit-run-jump-more,https://opengameart.org/content/lpc-expanded-simple-shirts "
torso/clothes/longsleeve/longsleeve/male/idle.png,original by wulax; tweaks and further recolors by bluecarrot16; cleanup and climb/jump/run/sit/emote/revised combat adapted from LPC Revised by JaidynReiman ,"JaidynReiman,Johannes Sjölund (wulax) ","OGA-BY 3.0,CC-BY-SA 3.0,GPL 3.0 ","https://opengameart.org/content/lpc-medieval-fantasy-character-sprites,http://opengameart.org/content/lpc-clothing-updates,https://opengameart.org/content/lpc-revised-character-basics,https://github.com/ElizaWy/LPC/tree/main/Characters/Clothing,https://opengameart.org/content/lpc-expanded-sit-run-jump-more,https://opengameart.org/content/lpc-expanded-simple-shirts "
torso/clothes/longsleeve/longsleeve/male/shoot.png,original by wulax; tweaks and further recolors by bluecarrot16; cleanup and climb/jump/run/sit/emote/revised combat adapted from LPC Revised by JaidynReiman ,"JaidynReiman,Johannes Sjölund (wulax) ","OGA-BY 3.0,CC-BY-SA 3.0,GPL 3.0 ","https://opengameart.org/content/lpc-medieval-fantasy-character-sprites,http://opengameart.org/content/lpc-clothing-updates,https://opengameart.org/content/lpc-revised-character-basics,https://github.com/ElizaWy/LPC/tree/main/Characters/Clothing,https://opengameart.org/content/lpc-expanded-sit-run-jump-more,https://opengameart.org/content/lpc-expanded-simple-shirts "
torso/clothes/longsleeve/longsleeve/male/slash.png,original by wulax; tweaks and further recolors by bluecarrot16; cleanup and climb/jump/run/sit/emote/revised combat adapted from LPC Revised by JaidynReiman ,"JaidynReiman,Johannes Sjölund (wulax) ","OGA-BY 3.0,CC-BY-SA 3.0,GPL 3.0 ","https://opengameart.org/content/lpc-medieval-fantasy-character-sprites,http://opengameart.org/content/lpc-clothing-updates,https://opengameart.org/content/lpc-revised-character-basics,https://github.com/ElizaWy/LPC/tree/main/Characters/Clothing,https://opengameart.org/content/lpc-expanded-sit-run-jump-more,https://opengameart.org/content/lpc-expanded-simple-shirts "
torso/clothes/longsleeve/longsleeve/male/spellcast.png,original by wulax; tweaks and further recolors by bluecarrot16; cleanup and climb/jump/run/sit/emote/revised combat adapted from LPC Revised by JaidynReiman ,"JaidynReiman,Johannes Sjölund (wulax) ","OGA-BY 3.0,CC-BY-SA 3.0,GPL 3.0 ","https://opengameart.org/content/lpc-medieval-fantasy-character-sprites,http://opengameart.org/content/lpc-clothing-updates,https://opengameart.org/content/lpc-revised-character-basics,https://github.com/ElizaWy/LPC/tree/main/Characters/Clothing,https://opengameart.org/content/lpc-expanded-sit-run-jump-more,https://opengameart.org/content/lpc-expanded-simple-shirts "
torso/clothes/longsleeve/longsleeve/male/thrust.png,original by wulax; tweaks and further recolors by bluecarrot16; cleanup and climb/jump/run/sit/emote/revised combat adapted from LPC Revised by JaidynReiman ,"JaidynReiman,Johannes Sjölund (wulax) ","OGA-BY 3.0,CC-BY-SA 3.0,GPL 3.0 ","https://opengameart.org/content/lpc-medieval-fantasy-character-sprites,http://opengameart.org/content/lpc-clothing-updates,https://opengameart.org/content/lpc-revised-character-basics,https://github.com/ElizaWy/LPC/tree/main/Characters/Clothing,https://opengameart.org/content/lpc-expanded-sit-run-jump-more,https://opengameart.org/content/lpc-expanded-simple-shirts "
torso/clothes/longsleeve/longsleeve/male/walk.png,original by wulax; tweaks and further recolors by bluecarrot16; cleanup and climb/jump/run/sit/emote/revised combat adapted from LPC Revised by JaidynReiman ,"JaidynReiman,Johannes Sjölund (wulax) ","OGA-BY 3.0,CC-BY-SA 3.0,GPL 3.0 ","https://opengameart.org/content/lpc-medieval-fantasy-character-sprites,http://opengameart.org/content/lpc-clothing-updates,https://opengameart.org/content/lpc-revised-character-basics,https://github.com/ElizaWy/LPC/tree/main/Characters/Clothing,https://opengameart.org/content/lpc-expanded-sit-run-jump-more,https://opengameart.org/content/lpc-expanded-simple-shirts "
torso/clothes/robe/female/hurt.png, ,Luke Mehl ,"CC-BY-SA 3.0,GPL 3.0 ",https://opengameart.org/content/female-mage-clothing-set 
torso/clothes/robe/female/slash.png, ,Luke Mehl ,"CC-BY-SA 3.0,GPL 3.0 ",https://opengameart.org/content/female-mage-clothing-set 
torso/clothes/robe/female/spellcast.png, ,Luke Mehl ,"CC-BY-SA 3.0,GPL 3.0 ",https://opengameart.org/content/female-mage-clothing-set 
torso/clothes/robe/female/walk.png, ,Luke Mehl ,"CC-BY-SA 3.0,GPL 3.0 ",https://opengameart.org/content/female-mage-clothing-set 
torso/clothes/tunic/female/hurt.png,"**pirate shirt** by MadMarcel, edited to all poses by makrohn, edited from tube-top/tanktop to sleeveless then to tunic by JaidynReiman, edits for v3 bases and further cleanup by bluecarrot16 ","bluecarrot16,JaidynReiman,Matthew Krohn (makrohn),Marcel van de Steeg (MadMarcel),Stephen Challener (Redshrike),Johannes Sjölund (wulax) ","OGA-BY 3.0,CC-BY-SA 3.0,GPL 3.0 ","https://opengameart.org/content/lpc-female-orcogregoblintroll-base-walkcycle,https://opengameart.org/content/lpc-curly-hair-elven-ears-white-cape-with-blue-trim-and-more,http://opengameart.org/content/lpc-clothing-updates "
torso/clothes/tunic/female/shoot.png,"**pirate shirt** by MadMarcel, edited to all poses by makrohn, edited from tube-top/tanktop to sleeveless then to tunic by JaidynReiman, edits for v3 bases and further cleanup by bluecarrot16 ","bluecarrot16,JaidynReiman,Matthew Krohn (makrohn),Marcel van de Steeg (MadMarcel),Stephen Challener (Redshrike),Johannes Sjölund (wulax) ","OGA-BY 3.0,CC-BY-SA 3.0,GPL 3.0 ","https://opengameart.org/content/lpc-female-orcogregoblintroll-base-walkcycle,https://opengameart.org/content/lpc-curly-hair-elven-ears-white-cape-with-blue-trim-and-more,http://opengameart.org/content/lpc-clothing-updates "
torso/clothes/tunic/female/slash.png,"**pirate shirt** by MadMarcel, edited to all poses by makrohn, edited from tube-top/tanktop to sleeveless then to tunic by JaidynReiman, edits for v3 bases and further cleanup by bluecarrot16 ","bluecarrot16,JaidynReiman,Matthew Krohn (makrohn),Marcel van de Steeg (MadMarcel),Stephen Challener (Redshrike),Johannes Sjölund (wulax) ","OGA-BY 3.0,CC-BY-SA 3.0,GPL 3.0 ","https://opengameart.org/content/lpc-female-orcogregoblintroll-base-walkcycle,https://opengameart.org/content/lpc-curly-hair-elven-ears-white-cape-with-blue-trim-and-more,http://opengameart.org/content/lpc-clothing-updates "
torso/clothes/tunic/female/spellcast.png,"**pirate shirt** by MadMarcel, edited to all poses by makrohn, edited from tube-top/tanktop to sleeveless then to tunic by JaidynReiman, edits for v3 bases and further cleanup by bluecarrot16 ","bluecarrot16,JaidynReiman,Matthew Krohn (makrohn),Marcel van de Steeg (MadMarcel),Stephen Challener (Redshrike),Johannes Sjölund (wulax) ","OGA-BY 3.0,CC-BY-SA 3.0,GPL 3.0 ","https://opengameart.org/content/lpc-female-orcogregoblintroll-base-walkcycle,https://opengameart.org/content/lpc-curly-hair-elven-ears-white-cape-with-blue-trim-and-more,http://opengameart.org/content/lpc-clothing-updates "
torso/clothes/tunic/female/thrust.png,"**pirate shirt** by MadMarcel, edited to all poses by makrohn, edited from tube-top/tanktop to sleeveless then to tunic by JaidynReiman, edits for v3 bases and further cleanup by bluecarrot16 ","bluecarrot16,JaidynReiman,Matthew Krohn (makrohn),Marcel van de Steeg (MadMarcel),Stephen Challener (Redshrike),Johannes Sjölund (wulax) ","OGA-BY 3.0,CC-BY-SA 3.0,GPL 3.0 ","https://opengameart.org/content/lpc-female-orcogregoblintroll-base-walkcycle,https://opengameart.org/content/lpc-curly-hair-elven-ears-white-cape-with-blue-trim-and-more,http://opengameart.org/content/lpc-clothing-updates "
torso/clothes/tunic/female/walk.png,"**pirate shirt** by MadMarcel, edited to all poses by makrohn, edited from tube-top/tanktop to sleeveless then to tunic by JaidynReiman, edits for v3 bases and further cleanup by bluecarrot16 ","bluecarrot16,JaidynReiman,Matthew Krohn (makrohn),Marcel van de Steeg (MadMarcel),Stephen Challener (Redshrike),Johannes Sjölund (wulax) ","OGA-BY 3.0,CC-BY-SA 3.0,GPL 3.0 ","https://opengameart.org/content/lpc-female-orcogregoblintroll-base-walkcycle,https://opengameart.org/content/lpc-curly-hair-elven-ears-white-cape-with-blue-trim-and-more,http://opengameart.org/content/lpc-clothing-updates "
torso/clothes/vest/male/hurt.png, ,"bluecarrot16,Thane Brimhall (pennomi),laetissima,Stephen Challener (Redshrike),Johannes Sjölund (wulax) ","CC-BY-SA 3.0,GPL 3.0 ","https://opengameart.org/content/lpc-2-characters,https://opengameart.org/content/lpc-gentleman,https://opengameart.org/content/lpc-pirates "
torso/clothes/vest/male/idle.png, ,"bluecarrot16,Thane Brimhall (pennomi),laetissima,Stephen Challener (Redshrike),Johannes Sjölund (wulax) ","CC-BY-SA 3.0,GPL 3.0 ","https://opengameart.org/content/lpc-2-characters,https://opengameart.org/content/lpc-gentleman,https://opengameart.org/content/lpc-pirates "
torso/clothes/vest/male/shoot.png, ,"bluecarrot16,Thane Brimhall (pennomi),laetissima,Stephen Challener (Redshrike),Johannes Sjölund (wulax) ","CC-BY-SA 3.0,GPL 3.0 ","https://opengameart.org/content/lpc-2-characters,https://opengameart.org/content/lpc-gentleman,https://opengameart.org/content/lpc-pirates "
torso/clothes/vest/male/slash.png, ,"bluecarrot16,Thane Brimhall (pennomi),laetissima,Stephen Challener (Redshrike),Johannes Sjölund (wulax) ","CC-BY-SA 3.0,GPL 3.0 ","https://opengameart.org/content/lpc-2-characters,https://opengameart.org/content/lpc-gentleman,https://opengameart.org/content/lpc-pirates "
torso/clothes/vest/male/spellcast.png, ,"bluecarrot16,Thane Brimhall (pennomi),laetissima,Stephen Challener (Redshrike),Johannes Sjölund (wulax) ","CC-BY-SA 3.0,GPL 3.0 ","https://opengameart.org/content/lpc-2-characters,https://opengameart.org/content/lpc-gentleman,https://opengameart.org/content/lpc-pirates "
torso/clothes/vest/male/thrust.png, ,"bluecarrot16,Thane Brimhall (pennomi),laetissima,Stephen Challener (Redshrike),Johannes Sjölund (wulax) ","CC-BY-SA 3.0,GPL 3.0 ","https://opengameart.org/content/lpc-2-characters,https://opengameart.org/content/lpc-gentleman,https://opengameart.org/content/lpc-pirates "
torso/clothes/vest/male/walk.png, ,"bluecarrot16,Thane Brimhall (pennomi),laetissima,Stephen Challener (Redshrike),Johannes Sjölund (wulax) ","CC-BY-SA 3.0,GPL 3.0 ","https://opengameart.org/content/lpc-2-characters,https://opengameart.org/content/lpc-gentleman,https://opengameart.org/content/lpc-pirates "
torso/jacket/tabard/male/hurt.png,"original by wulax, edited to v3 base by bluecarrot16 ","bluecarrot16,Johannes Sjölund (wulax) ","OGA-BY 3.0,CC-BY-SA 3.0,GPL 3.0 ","https://opengameart.org/content/lpc-medieval-fantasy-character-sprites,http://opengameart.org/content/lpc-clothing-updates "
torso/jacket/tabard/male/shoot.png,"original by wulax, edited to v3 base by bluecarrot16 ","bluecarrot16,Johannes Sjölund (wulax) ","OGA-BY 3.0,CC-BY-SA 3.0,GPL 3.0 ","https://opengameart.org/content/lpc-medieval-fantasy-character-sprites,http://opengameart.org/content/lpc-clothing-updates "
torso/jacket/tabard/male/slash.png,"original by wulax, edited to v3 base by bluecarrot16 ","bluecarrot16,Johannes Sjölund (wulax) ","OGA-BY 3.0,CC-BY-SA 3.0,GPL 3.0 ","https://opengameart.org/content/lpc-medieval-fantasy-character-sprites,http://opengameart.org/content/lpc-clothing-updates "
torso/jacket/tabard/male/spellcast.png,"original by wulax, edited to v3 base by bluecarrot16 ","bluecarrot16,Johannes Sjölund (wulax) ","OGA-BY 3.0,CC-BY-SA 3.0,GPL 3.0 ","https://opengameart.org/content/lpc-medieval-fantasy-character-sprites,http://opengameart.org/content/lpc-clothing-updates "
torso/jacket/tabard/male/thrust.png,"original by wulax, edited to v3 base by bluecarrot16 ","bluecarrot16,Johannes Sjölund (wulax) ","OGA-BY 3.0,CC-BY-SA 3.0,GPL 3.0 ","https://opengameart.org/content/lpc-medieval-fantasy-character-sprites,http://opengameart.org/content/lpc-clothing-updates "
torso/jacket/tabard/male/walk.png,"original by wulax, edited to v3 base by bluecarrot16 ","bluecarrot16,Johannes Sjölund (wulax) ","OGA-BY 3.0,CC-BY-SA 3.0,GPL 3.0 ","https://opengameart.org/content/lpc-medieval-fantasy-character-sprites,http://opengameart.org/content/lpc-clothing-updates "
torso/waist/belt_leather/female/hurt.png, ,"bluecarrot16,Johannes Sjölund (wulax),Matthew Krohn (makrohn) ","OGA-BY 3.0,CC-BY-SA 3.0,GPL 3.0 ","https://opengameart.org/content/lpc-combat-armor-for-women,https://opengameart.org/content/lpc-pirates "
torso/waist/belt_leather/female/shoot.png, ,"bluecarrot16,Johannes Sjölund (wulax),Matthew Krohn (makrohn) ","OGA-BY 3.0,CC-BY-SA 3.0,GPL 3.0 ","https://opengameart.org/content/lpc-combat-armor-for-women,https://opengameart.org/content/lpc-pirates "
torso/waist/belt_leather/female/slash.png, ,"bluecarrot16,Johannes Sjölund (wulax),Matthew Krohn (makrohn) ","OGA-BY 3.0,CC-BY-SA 3.0,GPL 3.0 ","https://opengameart.org/content/lpc-combat-armor-for-women,https://opengameart.org/content/lpc-pirates "
torso/waist/belt_leather/female/spellcast.png, ,"bluecarrot16,Johannes Sjölund (wulax),Matthew Krohn (makrohn) ","OGA-BY 3.0,CC-BY-SA 3.0,GPL 3.0 ","https://opengameart.org/content/lpc-combat-armor-for-women,https://opengameart.org/content/lpc-pirates "
torso/waist/belt_leather/female/thrust.png, ,"bluecarrot16,Johannes Sjölund (wulax),Matthew Krohn (makrohn) ","OGA-BY 3.0,CC-BY-SA 3.0,GPL 3.0 ","https://opengameart.org/content/lpc-combat-armor-for-women,https://opengameart.org/content/lpc-pirates "
torso/waist/belt_leather/female/walk.png, ,"bluecarrot16,Johannes Sjölund (wulax),Matthew Krohn (makrohn) ","OGA-BY 3.0,CC-BY-SA 3.0,GPL 3.0 ","https://opengameart.org/content/lpc-combat-armor-for-women,https://opengameart.org/content/lpc-pirates "
torso/waist/belt_leather/male/hurt.png, ,"bluecarrot16,Johannes Sjölund (wulax),Matthew Krohn (makrohn) ","OGA-BY 3.0,CC-BY-SA 3.0,GPL 3.0 ","https://opengameart.org/content/lpc-combat-armor-for-women,https://opengameart.org/content/lpc-pirates "
torso/waist/belt_leather/male/shoot.png, ,"bluecarrot16,Johannes Sjölund (wulax),Matthew Krohn (makrohn) ","OGA-BY 3.0,CC-BY-SA 3.0,GPL 3.0 ","https://opengameart.org/content/lpc-combat-armor-for-women,https://opengameart.org/content/lpc-pirates "
torso/waist/belt_leather/male/slash.png, ,"bluecarrot16,Johannes Sjölund (wulax),Matthew Krohn (makrohn) ","OGA-BY 3.0,CC-BY-SA 3.0,GPL 3.0 ","https://opengameart.org/content/lpc-combat-armor-for-women,https://opengameart.org/content/lpc-pirates "
torso/waist/belt_leather/male/spellcast.png, ,"bluecarrot16,Johannes Sjölund (wulax),Matthew Krohn (makrohn) ","OGA-BY 3.0,CC-BY-SA 3.0,GPL 3.0 ","https://opengameart.org/content/lpc-combat-armor-for-women,https://opengameart.org/content/lpc-pirates "
torso/waist/belt_leather/male/thrust.png, ,"bluecarrot16,Johannes Sjölund (wulax),Matthew Krohn (makrohn) ","OGA-BY 3.0,CC-BY-SA 3.0,GPL 3.0 ","https://opengameart.org/content/lpc-combat-armor-for-women,https://opengameart.org/content/lpc-pirates "
torso/waist/belt_leather/male/walk.png, ,"bluecarrot16,Johannes Sjölund (wulax),Matthew Krohn (makrohn) ","OGA-BY 3.0,CC-BY-SA 3.0,GPL 3.0 ","https://opengameart.org/content/lpc-combat-armor-for-women,https://opengameart.org/content/lpc-pirates "
weapon/blunt/mace/attack_slash/behind/walk.png, ,"Johannes Sjölund (wulax),bluecarrot16 ","OGA-BY 3.0,CC-BY-SA 3.0 ","https://opengameart.org/content/lpc-medieval-fantasy-character-sprites,https://opengameart.org/content/lpc-extended-weapon-animations "
weapon/blunt/mace/walk.png, ,"Johannes Sjölund (wulax),bluecarrot16 ","OGA-BY 3.0,CC-BY-SA 3.0 ","https://opengameart.org/content/lpc-medieval-fantasy-character-sprites,https://opengameart.org/content/lpc-extended-weapon-animations "
weapon/blunt/mace/hurt.png, ,"Johannes Sjölund (wulax),bluecarrot16 ","OGA-BY 3.0,CC-BY-SA 3.0 ","https://opengameart.org/content/lpc-medieval-fantasy-character-sprites,https://opengameart.org/content/lpc-extended-weapon-animations "
weapon/blunt/mace/universal_behind/hurt.png, ,"Johannes Sjölund (wulax),bluecarrot16 ","OGA-BY 3.0,CC-BY-SA 3.0 ","https://opengameart.org/content/lpc-medieval-fantasy-character-sprites,https://opengameart.org/content/lpc-extended-weapon-animations "
weapon/blunt/mace/universal_behind/walk.png, ,"Johannes Sjölund (wulax),bluecarrot16 ","OGA-BY 3.0,CC-BY-SA 3.0 ","https://opengameart.org/content/lpc-medieval-fantasy-character-sprites,https://opengameart.org/content/lpc-extended-weapon-animations "
weapon/magic/simple/background/hurt.png,"original by DrJamgo, hands switched and split into to layers by bluecarrot16 ","bluecarrot16,Dr. Jamgo ",CC0 ,https://opengameart.org/content/lpc-simple-staff 
weapon/magic/simple/background/spellcast.png,"original by DrJamgo, hands switched and split into to layers by bluecarrot16 ","bluecarrot16,Dr. Jamgo ",CC0 ,https://opengameart.org/content/lpc-simple-staff 
weapon/magic/simple/background/thrust.png,"original by DrJamgo, hands switched and split into to layers by bluecarrot16 ","bluecarrot16,Dr. Jamgo ",CC0 ,https://opengameart.org/content/lpc-simple-staff 
weapon/magic/simple/background/walk.png,"original by DrJamgo, hands switched and split into to layers by bluecarrot16 ","bluecarrot16,Dr. Jamgo ",CC0 ,https://opengameart.org/content/lpc-simple-staff 
weapon/magic/simple/foreground/hurt.png,"original by DrJamgo, hands switched and split into to layers by bluecarrot16 ","bluecarrot16,Dr. Jamgo ",CC0 ,https://opengameart.org/content/lpc-simple-staff 
weapon/magic/simple/foreground/spellcast.png,"original by DrJamgo, hands switched and split into to layers by bluecarrot16 ","bluecarrot16,Dr. Jamgo ",CC0 ,https://opengameart.org/content/lpc-simple-staff 
weapon/magic/simple/foreground/thrust.png,"original by DrJamgo, hands switched and split into to layers by bluecarrot16 ","bluecarrot16,Dr. Jamgo ",CC0 ,https://opengameart.org/content/lpc-simple-staff 
weapon/magic/simple/foreground/walk.png,"original by DrJamgo, hands switched and split into to layers by bluecarrot16 ","bluecarrot16,Dr. Jamgo ",CC0 ,https://opengameart.org/content/lpc-simple-staff 
weapon/polearm/spear/background/hurt.png,"original by wulax, walk animations redone by pvigier, split into layers and tweaked for v3 character bases by bluecarrot16 ","Pierre Vigier (pvigier),Johannes Sjölund (wulax),Inboxninja ",CC-BY-SA 3.0 ,"https://opengameart.org/content/lpc-medieval-fantasy-character-sprites,https://opengameart.org/content/lpc-spear-and-shovel-reworked "
weapon/polearm/spear/background/thrust.png,"original by wulax, walk animations redone by pvigier, split into layers and tweaked for v3 character bases by bluecarrot16 ","Pierre Vigier (pvigier),Johannes Sjölund (wulax),Inboxninja ",CC-BY-SA 3.0 ,"https://opengameart.org/content/lpc-medieval-fantasy-character-sprites,https://opengameart.org/content/lpc-spear-and-shovel-reworked "
weapon/polearm/spear/background/walk.png,"original by wulax, walk animations redone by pvigier, split into layers and tweaked for v3 character bases by bluecarrot16 ","Pierre Vigier (pvigier),Johannes Sjölund (wulax),Inboxninja ",CC-BY-SA 3.0 ,"https://opengameart.org/content/lpc-medieval-fantasy-character-sprites,https://opengameart.org/content/lpc-spear-and-shovel-reworked "
weapon/polearm/spear/foreground/hurt.png,"original by wulax, walk animations redone by pvigier, split into layers and tweaked for v3 character bases by bluecarrot16 ","Pierre Vigier (pvigier),Johannes Sjölund (wulax),Inboxninja ",CC-BY-SA 3.0 ,"https://opengameart.org/content/lpc-medieval-fantasy-character-sprites,https://opengameart.org/content/lpc-spear-and-shovel-reworked "
weapon/polearm/spear/foreground/thrust.png,"original by wulax, walk animations redone by pvigier, split into layers and tweaked for v3 character bases by bluecarrot16 ","Pierre Vigier (pvigier),Johannes Sjölund (wulax),Inboxninja ",CC-BY-SA 3.0 ,"https://opengameart.org/content/lpc-medieval-fantasy-character-sprites,https://opengameart.org/content/lpc-spear-and-shovel-reworked "
weapon/polearm/spear/foreground/walk.png,"original by wulax, walk animations redone by pvigier, split into layers and tweaked for v3 character bases by bluecarrot16 ","Pierre Vigier (pvigier),Johannes Sjölund (wulax),Inboxninja ",CC-BY-SA 3.0 ,"https://opengameart.org/content/lpc-medieval-fantasy-character-sprites,https://opengameart.org/content/lpc-spear-and-shovel-reworked "
weapon/ranged/bow/recurve/universal/background/hurt.png,"modified by daneeklu, from **normal** bow by wulax; walk animations by pvigier; split into layers and tweaked for v3 character bases by bluecarrot16 ","Daniel Eddeland (daneeklu),gr3yh47,Johannes Sjölund (wulax),Pierre Vigier (pvigier) ",CC-BY-SA 3.0 ,"https://opengameart.org/content/lpc-weapons-two-bows-a-spear-and-a-trident,https://opengameart.org/content/lpc-walk-animations-for-bows "
weapon/ranged/bow/recurve/universal/background/shoot.png,"modified by daneeklu, from **normal** bow by wulax; walk animations by pvigier; split into layers and tweaked for v3 character bases by bluecarrot16 ","Daniel Eddeland (daneeklu),gr3yh47,Johannes Sjölund (wulax),Pierre Vigier (pvigier) ",CC-BY-SA 3.0 ,"https://opengameart.org/content/lpc-weapons-two-bows-a-spear-and-a-trident,https://opengameart.org/content/lpc-walk-animations-for-bows "
weapon/ranged/bow/recurve/universal/foreground/hurt.png,"modified by daneeklu, from **normal** bow by wulax; walk animations by pvigier; split into layers and tweaked for v3 character bases by bluecarrot16 ","Daniel Eddeland (daneeklu),gr3yh47,Johannes Sjölund (wulax),Pierre Vigier (pvigier) ",CC-BY-SA 3.0 ,"https://opengameart.org/content/lpc-weapons-two-bows-a-spear-and-a-trident,https://opengameart.org/content/lpc-walk-animations-for-bows "
weapon/ranged/bow/recurve/universal/foreground/shoot.png,"modified by daneeklu, from **normal** bow by wulax; walk animations by pvigier; split into layers and tweaked for v3 character bases by bluecarrot16 ","Daniel Eddeland (daneeklu),gr3yh47,Johannes Sjölund (wulax),Pierre Vigier (pvigier) ",CC-BY-SA 3.0 ,"https://opengameart.org/content/lpc-weapons-two-bows-a-spear-and-a-trident,https://opengameart.org/content/lpc-walk-animations-for-bows "
weapon/ranged/crossbow/background/hurt.png,"original by drjamgo, modified for v3 character bases and split into layers by bluecarrot16 ","bluecarrot16,drjamgo@hotmail.com ",CC0 ,https://opengameart.org/content/lpc-crossbow-final 
weapon/ranged/crossbow/background/thrust.png,"original by drjamgo, modified for v3 character bases and split into layers by bluecarrot16 ","bluecarrot16,drjamgo@hotmail.com ",CC0 ,https://opengameart.org/content/lpc-crossbow-final 
weapon/ranged/crossbow/background/walk.png,"original by drjamgo, modified for v3 character bases and split into layers by bluecarrot16 ","bluecarrot16,drjamgo@hotmail.com ",CC0 ,https://opengameart.org/content/lpc-crossbow-final 
weapon/ranged/crossbow/foreground/hurt.png,"original by drjamgo, modified for v3 character bases and split into layers by bluecarrot16 ","bluecarrot16,drjamgo@hotmail.com ",CC0 ,https://opengameart.org/content/lpc-crossbow-final 
weapon/ranged/crossbow/foreground/thrust.png,"original by drjamgo, modified for v3 character bases and split into layers by bluecarrot16 ","bluecarrot16,drjamgo@hotmail.com ",CC0 ,https://opengameart.org/content/lpc-crossbow-final 
weapon/ranged/crossbow/foreground/walk.png,"original by drjamgo, modified for v3 character bases and split into layers by bluecarrot16 ","bluecarrot16,drjamgo@hotmail.com ",CC0 ,https://opengameart.org/content/lpc-crossbow-final 
weapon/sword/dagger/behind/slash.png, ,"bluecarrot16,Johannes Sjölund (wulax),Matthew Krohn (makrohn) ","OGA-BY 3.0,CC-BY-SA 3.0,GPL 3.0 ","https://opengameart.org/content/lpc-medieval-fantasy-character-sprites,https://opengameart.org/content/lpc-extended-weapon-animations "
weapon/sword/dagger/behind/walk.png, ,"bluecarrot16,Johannes Sjölund (wulax),Matthew Krohn (makrohn) ","OGA-BY 3.0,CC-BY-SA 3.0,GPL 3.0 ","https://opengameart.org/content/lpc-medieval-fantasy-character-sprites,https://opengameart.org/content/lpc-extended-weapon-animations "
weapon/sword/dagger/hurt.png, ,"bluecarrot16,Johannes Sjölund (wulax),Matthew Krohn (makrohn) ","OGA-BY 3.0,CC-BY-SA 3.0,GPL 3.0 ","https://opengameart.org/content/lpc-medieval-fantasy-character-sprites,https://opengameart.org/content/lpc-extended-weapon-animations "
weapon/sword/dagger/slash.png, ,"bluecarrot16,Johannes Sjölund (wulax),Matthew Krohn (makrohn) ","OGA-BY 3.0,CC-BY-SA 3.0,GPL 3.0 ","https://opengameart.org/content/lpc-medieval-fantasy-character-sprites,https://opengameart.org/content/lpc-extended-weapon-animations "
weapon/sword/dagger/thrust.png, ,"bluecarrot16,Johannes Sjölund (wulax),Matthew Krohn (makrohn) ","OGA-BY 3.0,CC-BY-SA 3.0,GPL 3.0 ","https://opengameart.org/content/lpc-medieval-fantasy-character-sprites,https://opengameart.org/content/lpc-extended-weapon-animations "
weapon/sword/dagger/walk.png, ,"bluecarrot16,Johannes Sjölund (wulax),Matthew Krohn (makrohn) ","OGA-BY 3.0,CC-BY-SA 3.0,GPL 3.0 ","https://opengameart.org/content/lpc-medieval-fantasy-character-sprites,https://opengameart.org/content/lpc-extended-weapon-animations "
weapon/sword/longsword/attack_slash/behind/walk.png, ,"Johannes Sjölund (wulax),bluecarrot16 ","OGA-BY 3.0,CC-BY-SA 3.0 ","https://opengameart.org/content/lpc-medieval-fantasy-character-sprites,https://opengameart.org/content/lpc-extended-weapon-animations "
weapon/sword/longsword/walk.png, ,"Johannes Sjölund (wulax),bluecarrot16 ","OGA-BY 3.0,CC-BY-SA 3.0 ","https://opengameart.org/content/lpc-medieval-fantasy-character-sprites,https://opengameart.org/content/lpc-extended-weapon-animations "
weapon/sword/longsword/hurt.png, ,"Johannes Sjölund (wulax),bluecarrot16 ","OGA-BY 3.0,CC-BY-SA 3.0 ","https://opengameart.org/content/lpc-medieval-fantasy-character-sprites,https://opengameart.org/content/lpc-extended-weapon-animations "
weapon/sword/longsword/universal_behind/hurt.png, ,"Johannes Sjölund (wulax),bluecarrot16 ","OGA-BY 3.0,CC-BY-SA 3.0 ","https://opengameart.org/content/lpc-medieval-fantasy-character-sprites,https://opengameart.org/content/lpc-extended-weapon-animations "
weapon/sword/longsword/universal_behind/walk.png, ,"Johannes Sjölund (wulax),bluecarrot16 ","OGA-BY 3.0,CC-BY-SA 3.0 ","https://opengameart.org/content/lpc-medieval-fantasy-character-sprites,https://opengameart.org/content/lpc-extended-weapon-animations "
